claimText,claimant,claimDate,publisher,site,reviewUrl,reviewTitle,reviewDate,textualRating
Electric vehicles cause infertility. Being in an electric car will lower your testosterone.,Human Garage,2025-02-07T00:00:00Z,Science Feedback,science.feedback.org,https://science.feedback.org/review/no-evidence-that-evs-cause-infertility/,"No evidence that EVs cause infertility, and their magnetic fields are similar to those from household electronics",2025-02-25T00:00:00Z,Unsupported
Video shows an electric vehicle explosion,Social Media User,2025-02-02T00:00:00Z,FACTLY,factly.in,https://factly.in/a-video-of-a-scooter-explosion-caused-by-firecrackers-is-falsely-shared-as-related-to-an-electric-vehicle-blast/,A video of a scooter explosion caused by firecrackers is falsely shared as related to an electric vehicle blast,2025-02-07T00:00:00Z,FALSE
A video shared on Facebook claims to show an electrical vehicle explosion in India.,Viral Video,2025-01-04T00:00:00Z,CheckYourFact,checkyourfact.com,https://checkyourfact.com/2025/01/13/fact-check-car-explosion-russia-india/,"FACT CHECK: Car Explosion Is From Russia, Not India",2025-01-13T16:29:01Z,False
"Video shows an electric (EV) car exploding in Uttar Pradesh, India.",Social Media User,2025-01-06T00:00:00Z,FACTLY,factly.in,https://factly.in/a-video-showing-a-car-bomb-explosion-in-crimea-is-being-falsely-shared-as-an-ev-car-explosion-in-uttar-pradesh/,A video showing a car bomb explosion in Crimea is being falsely shared as an EV car blast in Uttar Pradesh,2025-01-09T00:00:00Z,FALSE
EV Car blast in UP.,Social media user,2025-01-07T00:00:00Z,NewsMobile,newsmobile.in,https://www.newsmobile.in/nm-fact-checker/fact-check-video-of-crimea-car-explosion-viral-as-ev-blast-in-indias-uttar-pradesh/,Fact Check: Video Of Crimea Car Explosion Viral As EV Blast In India’s Uttar Pradesh,2025-01-09T00:00:00Z,False
Video shows EV exploding in Uttar Pradesh.,"Facebook,Twitter",2025-01-08T07:05:21Z,The Quint,thequint.com,https://www.thequint.com/news/webqoof/car-blast-video-crimea-russia-not-ev-car-blowing-up-fact-check,Video of Car Bomb Blast in Crimea Falsely Shared as EV Blast in Uttar Pradesh,2025-01-08T07:05:21Z,False
Biden admin. spent $7.5B to build eight electric vehicle charging stations.,,,KHOU,khou.com,https://www.khou.com/article/news/verify/joe-biden/biden-administration-has-not-spent-7-billion-eight-electric-vehicle-charging-stations/536-1cfc6606-ba89-46a0-b7ea-9e701276ad81,Claims about Biden admin spending $7.5B on eight EV charging stations are false,2025-01-07T19:00:00Z,False. Biden admin. hasn’t spent $7.5B on eight EV charging stations.
Biden admin. spent $7.5B to build eight electric vehicle charging stations.,,,KREM,krem.com,https://www.krem.com/article/news/verify/joe-biden/biden-administration-has-not-spent-7-billion-eight-electric-vehicle-charging-stations/536-1cfc6606-ba89-46a0-b7ea-9e701276ad81,Claims about Biden admin spending $7.5B on eight EV charging stations are false,2025-01-07T19:00:00Z,False. Biden admin. hasn’t spent $7.5B on eight EV charging stations.
Biden admin. spent $7.5B to build eight electric vehicle charging stations.,,,KSDK,ksdk.com,https://www.ksdk.com/article/news/verify/joe-biden/biden-administration-has-not-spent-7-billion-eight-electric-vehicle-charging-stations/536-1cfc6606-ba89-46a0-b7ea-9e701276ad81,Claims about Biden admin spending $7.5B on eight EV charging stations are false,2025-01-07T19:00:00Z,False. Biden admin. hasn’t spent $7.5B on eight EV charging stations.
Biden admin. spent $7.5B to build eight electric vehicle charging stations.,,,KTVB,ktvb.com,https://www.ktvb.com/article/news/verify/joe-biden/biden-administration-has-not-spent-7-billion-eight-electric-vehicle-charging-stations/536-1cfc6606-ba89-46a0-b7ea-9e701276ad81,Claims about Biden admin spending $7.5B on eight EV charging stations are false,2025-01-07T19:00:00Z,False. Biden admin. hasn’t spent $7.5B on eight EV charging stations.
Biden admin. spent $7.5B to build eight electric vehicle charging stations.,,,WBIR,wbir.com,https://www.wbir.com/article/news/verify/joe-biden/biden-administration-has-not-spent-7-billion-eight-electric-vehicle-charging-stations/536-1cfc6606-ba89-46a0-b7ea-9e701276ad81,Claims about Biden admin spending $7.5B on eight EV charging stations are false,2025-01-07T19:00:00Z,False. Biden admin. hasn’t spent $7.5B on eight EV charging stations.
Biden admin. spent $7.5B to build eight electric vehicle charging stations.,,,WFAA,wfaa.com,https://www.wfaa.com/article/news/verify/joe-biden/biden-administration-has-not-spent-7-billion-eight-electric-vehicle-charging-stations/536-1cfc6606-ba89-46a0-b7ea-9e701276ad81,Claims about Biden admin spending $7.5B on eight EV charging stations are false,2025-01-07T19:00:00Z,False. Biden admin. hasn’t spent $7.5B on eight EV charging stations.
Biden admin. spent $7.5B to build eight electric vehicle charging stations.,,,WKYC,wkyc.com,https://www.wkyc.com/article/news/verify/joe-biden/biden-administration-has-not-spent-7-billion-eight-electric-vehicle-charging-stations/536-1cfc6606-ba89-46a0-b7ea-9e701276ad81,Claims about Biden admin spending $7.5B on eight EV charging stations are false,2025-01-07T19:00:00Z,False. Biden admin. hasn’t spent $7.5B on eight EV charging stations.
Biden admin. spent $7.5B to build eight electric vehicle charging stations.,,,WLTX,wltx.com,https://www.wltx.com/article/news/verify/joe-biden/biden-administration-has-not-spent-7-billion-eight-electric-vehicle-charging-stations/536-1cfc6606-ba89-46a0-b7ea-9e701276ad81,Claims about Biden admin spending $7.5B on eight EV charging stations are false,2025-01-07T19:00:00Z,False. Biden admin. hasn’t spent $7.5B on eight EV charging stations.
Biden admin. spent $7.5B to build eight electric vehicle charging stations.,,,WNEP,wnep.com,https://www.wnep.com/article/news/verify/joe-biden/biden-administration-has-not-spent-7-billion-eight-electric-vehicle-charging-stations/536-1cfc6606-ba89-46a0-b7ea-9e701276ad81,Claims about Biden admin spending $7.5B on eight EV charging stations are false,2025-01-07T19:00:00Z,False. Biden admin. hasn’t spent $7.5B on eight EV charging stations.
Biden admin. spent $7.5B to build eight electric vehicle charging stations.,,,WQAD,wqad.com,https://www.wqad.com/article/news/verify/joe-biden/biden-administration-has-not-spent-7-billion-eight-electric-vehicle-charging-stations/536-1cfc6606-ba89-46a0-b7ea-9e701276ad81,Claims about Biden admin spending $7.5B on eight EV charging stations are false,2025-01-07T19:00:00Z,False. Biden admin. hasn’t spent $7.5B on eight EV charging stations.
Biden admin. spent $7.5B to build eight electric vehicle charging stations.,,,WTHR,wthr.com,https://www.wthr.com/article/news/verify/joe-biden/biden-administration-has-not-spent-7-billion-eight-electric-vehicle-charging-stations/536-1cfc6606-ba89-46a0-b7ea-9e701276ad81,Claims about Biden admin spending $7.5B on eight EV charging stations are false,2025-01-07T19:00:00Z,False. Biden admin. hasn’t spent $7.5B on eight EV charging stations.
Biden admin. spent $7.5B to build eight electric vehicle charging stations.,,,ABC10,abc10.com,https://www.abc10.com/article/news/verify/joe-biden/biden-administration-has-not-spent-7-billion-eight-electric-vehicle-charging-stations/536-1cfc6606-ba89-46a0-b7ea-9e701276ad81,Claims about Biden admin spending $7.5B on eight EV charging stations are false,2025-01-07T19:00:00Z,False. Biden admin. hasn’t spent $7.5B on eight EV charging stations.
Biden admin. spent $7.5B to build eight electric vehicle charging stations.,,,FOX43,fox43.com,https://www.fox43.com/article/news/verify/joe-biden/biden-administration-has-not-spent-7-billion-eight-electric-vehicle-charging-stations/536-1cfc6606-ba89-46a0-b7ea-9e701276ad81,Claims about Biden admin spending $7.5B on eight EV charging stations are false,2025-01-07T19:00:00Z,False. Biden admin. hasn’t spent $7.5B on eight EV charging stations.
Biden admin. spent $7.5B to build eight electric vehicle charging stations.,,,WUSA9,wusa9.com,https://www.wusa9.com/article/news/verify/joe-biden/biden-administration-has-not-spent-7-billion-eight-electric-vehicle-charging-stations/536-1cfc6606-ba89-46a0-b7ea-9e701276ad81,Claims about Biden admin spending $7.5B on eight EV charging stations are false,2025-01-07T19:00:00Z,False. Biden admin. hasn’t spent $7.5B on eight EV charging stations.
Biden admin. spent $7.5B to build eight electric vehicle charging stations.,,,FOX 61,fox61.com,https://www.fox61.com/article/news/verify/joe-biden/biden-administration-has-not-spent-7-billion-eight-electric-vehicle-charging-stations/536-1cfc6606-ba89-46a0-b7ea-9e701276ad81,Claims about Biden admin spending $7.5B on eight EV charging stations are false,2025-01-07T19:00:00Z,False. Biden admin. hasn’t spent $7.5B on eight EV charging stations.
Biden admin. spent $7.5B to build eight electric vehicle charging stations.,,,WWL-TV,wwltv.com,https://www.wwltv.com/article/news/verify/joe-biden/biden-administration-has-not-spent-7-billion-eight-electric-vehicle-charging-stations/536-1cfc6606-ba89-46a0-b7ea-9e701276ad81,Claims about Biden admin spending $7.5B on eight EV charging stations are false,2025-01-07T19:00:00Z,False. Biden admin. hasn’t spent $7.5B on eight EV charging stations.
Biden admin. spent $7.5B to build eight electric vehicle charging stations.,,,13WMAZ,13wmaz.com,https://www.13wmaz.com/article/news/verify/joe-biden/biden-administration-has-not-spent-7-billion-eight-electric-vehicle-charging-stations/536-1cfc6606-ba89-46a0-b7ea-9e701276ad81,Claims about Biden admin spending $7.5B on eight EV charging stations are false,2025-01-07T19:00:00Z,False. Biden admin. hasn’t spent $7.5B on eight EV charging stations.
Biden admin. spent $7.5B to build eight electric vehicle charging stations.,,,WHAS11,whas11.com,https://www.whas11.com/article/news/verify/joe-biden/biden-administration-has-not-spent-7-billion-eight-electric-vehicle-charging-stations/536-1cfc6606-ba89-46a0-b7ea-9e701276ad81,Claims about Biden admin spending $7.5B on eight EV charging stations are false,2025-01-07T19:00:00Z,False. Biden admin. hasn’t spent $7.5B on eight EV charging stations.
Biden admin. spent $7.5B to build eight electric vehicle charging stations.,,,WVEC,13newsnow.com,https://www.13newsnow.com/article/news/verify/joe-biden/biden-administration-has-not-spent-7-billion-eight-electric-vehicle-charging-stations/536-1cfc6606-ba89-46a0-b7ea-9e701276ad81,Claims about Biden admin spending $7.5B on eight EV charging stations are false,2025-01-07T19:00:00Z,False. Biden admin. hasn’t spent $7.5B on eight EV charging stations.
Biden admin. spent $7.5B to build eight electric vehicle charging stations.,,,KARE 11,kare11.com,https://www.kare11.com/article/news/verify/joe-biden/biden-administration-has-not-spent-7-billion-eight-electric-vehicle-charging-stations/536-1cfc6606-ba89-46a0-b7ea-9e701276ad81,Claims about Biden admin spending $7.5B on eight EV charging stations are false,2025-01-07T19:00:00Z,False. Biden admin. hasn’t spent $7.5B on eight EV charging stations.
Biden admin. spent $7.5B to build eight electric vehicle charging stations.,,,9News.com,9news.com,https://www.9news.com/article/news/verify/joe-biden/biden-administration-has-not-spent-7-billion-eight-electric-vehicle-charging-stations/536-1cfc6606-ba89-46a0-b7ea-9e701276ad81,Claims about Biden admin spending $7.5B on eight EV charging stations are false,2025-01-07T19:00:00Z,False. Biden admin. hasn’t spent $7.5B on eight EV charging stations.
Biden admin. spent $7.5B to build eight electric vehicle charging stations.,,,KGW,kgw.com,https://www.kgw.com/article/news/verify/joe-biden/biden-administration-has-not-spent-7-billion-eight-electric-vehicle-charging-stations/536-1cfc6606-ba89-46a0-b7ea-9e701276ad81,Claims about Biden admin spending $7.5B on eight EV charging stations are false,2025-01-07T19:00:00Z,False. Biden admin. hasn’t spent $7.5B on eight EV charging stations.
Biden admin. spent $7.5B to build eight electric vehicle charging stations.,,,5NEWS,5newsonline.com,https://www.5newsonline.com/article/news/verify/joe-biden/biden-administration-has-not-spent-7-billion-eight-electric-vehicle-charging-stations/536-1cfc6606-ba89-46a0-b7ea-9e701276ad81,Claims about Biden admin spending $7.5B on eight EV charging stations are false,2025-01-07T19:00:00Z,False. Biden admin. hasn’t spent $7.5B on eight EV charging stations.
Biden admin. spent $7.5B to build eight electric vehicle charging stations.,,,King 5 News,king5.com,https://www.king5.com/article/news/verify/joe-biden/biden-administration-has-not-spent-7-billion-eight-electric-vehicle-charging-stations/536-1cfc6606-ba89-46a0-b7ea-9e701276ad81,Claims about Biden admin spending $7.5B on eight EV charging stations are false,2025-01-07T19:00:00Z,False. Biden admin. hasn’t spent $7.5B on eight EV charging stations.
Biden admin. spent $7.5B to build eight electric vehicle charging stations.,,,KVUE,kvue.com,https://www.kvue.com/article/news/verify/joe-biden/biden-administration-has-not-spent-7-billion-eight-electric-vehicle-charging-stations/536-1cfc6606-ba89-46a0-b7ea-9e701276ad81,Claims about Biden admin spending $7.5B on eight EV charging stations are false,2025-01-07T19:00:00Z,False. Biden admin. hasn’t spent $7.5B on eight EV charging stations.
Biden admin. spent $7.5B to build eight electric vehicle charging stations.,,,WCNC,wcnc.com,https://www.wcnc.com/article/news/verify/joe-biden/biden-administration-has-not-spent-7-billion-eight-electric-vehicle-charging-stations/536-1cfc6606-ba89-46a0-b7ea-9e701276ad81,Claims about Biden admin spending $7.5B on eight EV charging stations are false,2025-01-07T19:00:00Z,False. Biden admin. hasn’t spent $7.5B on eight EV charging stations.
Biden admin. spent $7.5B to build eight electric vehicle charging stations.,,,CBS 8,cbs8.com,https://www.cbs8.com/article/news/verify/joe-biden/biden-administration-has-not-spent-7-billion-eight-electric-vehicle-charging-stations/536-1cfc6606-ba89-46a0-b7ea-9e701276ad81,Claims about Biden admin spending $7.5B on eight EV charging stations are false,2025-01-07T19:00:00Z,False. Biden admin. hasn’t spent $7.5B on eight EV charging stations.
Biden admin. spent $7.5B to build eight electric vehicle charging stations.,,,CBS19,cbs19.tv,https://www.cbs19.tv/article/news/verify/joe-biden/biden-administration-has-not-spent-7-billion-eight-electric-vehicle-charging-stations/536-1cfc6606-ba89-46a0-b7ea-9e701276ad81,Claims about Biden admin spending $7.5B on eight EV charging stations are false,2025-01-07T19:00:00Z,False. Biden admin. hasn’t spent $7.5B on eight EV charging stations.
Biden admin. spent $7.5B to build eight electric vehicle charging stations.,,,12News,12news.com,https://www.12news.com/article/news/verify/joe-biden/biden-administration-has-not-spent-7-billion-eight-electric-vehicle-charging-stations/536-1cfc6606-ba89-46a0-b7ea-9e701276ad81,Claims about Biden admin spending $7.5B on eight EV charging stations are false,2025-01-07T19:00:00Z,False. Biden admin. hasn’t spent $7.5B on eight EV charging stations.
Biden admin. spent $7.5B to build eight electric vehicle charging stations.,,,KBMT,12newsnow.com,https://www.12newsnow.com/article/news/verify/joe-biden/biden-administration-has-not-spent-7-billion-eight-electric-vehicle-charging-stations/536-1cfc6606-ba89-46a0-b7ea-9e701276ad81,Claims about Biden admin spending $7.5B on eight EV charging stations are false,2025-01-07T19:00:00Z,False. Biden admin. hasn’t spent $7.5B on eight EV charging stations.
Biden admin. spent $7.5B to build eight electric vehicle charging stations.,,,WZZM 13,wzzm13.com,https://www.wzzm13.com/article/news/verify/joe-biden/biden-administration-has-not-spent-7-billion-eight-electric-vehicle-charging-stations/536-1cfc6606-ba89-46a0-b7ea-9e701276ad81,Claims about Biden admin spending $7.5B on eight EV charging stations are false,2025-01-07T19:00:00Z,False. Biden admin. hasn’t spent $7.5B on eight EV charging stations.
Biden admin. spent $7.5B to build eight electric vehicle charging stations.,,,11Alive.com,11alive.com,https://www.11alive.com/article/news/verify/joe-biden/biden-administration-has-not-spent-7-billion-eight-electric-vehicle-charging-stations/536-1cfc6606-ba89-46a0-b7ea-9e701276ad81,Claims about Biden admin spending $7.5B on eight EV charging stations are false,2025-01-07T19:00:00Z,False. Biden admin. hasn’t spent $7.5B on eight EV charging stations.
Biden admin. spent $7.5B to build eight electric vehicle charging stations.,,,Newswest 9,newswest9.com,https://www.newswest9.com/article/news/verify/joe-biden/biden-administration-has-not-spent-7-billion-eight-electric-vehicle-charging-stations/536-1cfc6606-ba89-46a0-b7ea-9e701276ad81,Claims about Biden admin spending $7.5B on eight EV charging stations are false,2025-01-07T19:00:00Z,False. Biden admin. hasn’t spent $7.5B on eight EV charging stations.
Biden admin. spent $7.5B to build eight electric vehicle charging stations.,,,News Center Maine,newscentermaine.com,https://www.newscentermaine.com/article/news/verify/joe-biden/biden-administration-has-not-spent-7-billion-eight-electric-vehicle-charging-stations/536-1cfc6606-ba89-46a0-b7ea-9e701276ad81,Claims about Biden admin spending $7.5B on eight EV charging stations are false,2025-01-07T19:00:00Z,False. Biden admin. hasn’t spent $7.5B on eight EV charging stations.
Biden admin. spent $7.5B to build eight electric vehicle charging stations.,,,VERIFYThis.com,verifythis.com,https://www.verifythis.com/article/news/verify/joe-biden/biden-administration-has-not-spent-7-billion-eight-electric-vehicle-charging-stations/536-1cfc6606-ba89-46a0-b7ea-9e701276ad81,Claims about Biden admin spending $7.5B on eight EV charging stations are false,2025-01-07T19:00:00Z,False. Biden admin. hasn’t spent $7.5B on eight EV charging stations.
Biden admin. spent $7.5B to build eight electric vehicle charging stations.,,,First Coast News,firstcoastnews.com,https://www.firstcoastnews.com/article/news/verify/joe-biden/biden-administration-has-not-spent-7-billion-eight-electric-vehicle-charging-stations/536-1cfc6606-ba89-46a0-b7ea-9e701276ad81,Claims about Biden admin spending $7.5B on eight EV charging stations are false,2025-01-07T19:00:00Z,False. Biden admin. hasn’t spent $7.5B on eight EV charging stations.
Fact Check: Viral video claiming EV explosion in Uttar Pradesh actually shows Crimea car bomb blast,Social Media User,2025-01-07T08:13:08Z,Lighthouse Journalism,lighthousejournalism.com,https://www.lighthousejournalism.com/society/fact-check-viral-video-claiming-ev-explosion-in-uttar-pradesh-actually-shows-crimea-car-bomb-blast-3619/,Fact Check: Viral video claiming EV explosion in Uttar Pradesh actually shows Crimea car bomb blast | lighthousejournalism,,False
"The video shows an electric car exploding in Uttar Pradesh, India",,,Logically Facts,logicallyfacts.com,https://www.logicallyfacts.com/en/fact-check/video-from-crimea-shared-as-ev-car-blast-in-uttar-pradesh,Video from Crimea falsely shared as EV car explosion in UP,2025-01-07T00:00:00Z,False
This video shows an electric vehicle exploding in Uttar Pradesh.,Social media users,2025-01-07T00:00:00Z,India Today,indiatoday.in,https://www.indiatoday.in/fact-check/story/fact-check-assassination-video-crimea-ev-blast-up-2661128-2025-01-07,Fact Check: Car bomb assassination from Crimea FALSELY shared as EV blast in UP,,False
The video shows an EV car blast in Uttar Pradesh.,Instagram User,2025-01-06T11:30:07Z,NewsMeter,newsmeter.in,https://newsmeter.in/fact-check/electric-vehicle-blows-up-in-uttar-pradesh-no-video-shows-car-bomb-blast-in-crimea-741756,"Fact Check: Electric vehicle blows up in Uttar Pradesh? No, video shows car bomb blast in Crimea",2025-01-06T11:30:07Z,False
Biden wasted millions on few electric vehicles,x.com,2024-12-19T00:00:53Z,Lead Stories,leadstories.com,https://leadstories.com/hoax-alert/2024/12/fact-check-biden-administration-did-not-spend-3-billion-dollars-for-just-93-postal-delivery-electric-vehicles.html,Fact Check: Biden Administration Did NOT Spend $3 Billion For Just 93 Postal Delivery Electric Vehicles,2024-12-19T00:00:53Z,More Coming
Biden adminisration has spent $7.5 BILLION to build 8 EV charging stations,Multiple sources,2024-11-24T00:00:00Z,AFP Fact Check,factcheck.afp.com,https://factcheck.afp.com/doc.afp.com.36Q694U,Posts misrepresent progress of EV charging network under Biden,2024-12-13T20:41:00Z,False
U.S. President Joe Biden spent $3 billion on 93 electric mail trucks.,,,Snopes,snopes.com,https://www.snopes.com/fact-check/electric-mail-trucks-biden/,"No, Biden Did Not Spend $3B on 93 Electric Mail Trucks",2024-12-18T18:30:03Z,Mixture
EVs’ metal needs make them less environmentally friendly than combustion vehicles; electrifying road vehicles will simply push CO2 emissions from the tailpipe to the power plant,,,Science Feedback,science.feedback.org,https://science.feedback.org/environmental-impacts-of-the-fossil-fuel-industry-outweigh-those-of-ev-metal-mining-experts-say/,Environmental impacts of the fossil fuel industry outweigh those of ...,2024-10-28T00:00:00Z,Misleading
"“About 400,000 manufacturing jobs in the state of Michigan will go away with EV mandates.”",Mike Rogers,2024-10-14T00:00:00Z,PolitiFact,politifact.com,https://www.politifact.com/factchecks/2024/oct/18/mike-rogers/michigan-senate-candidate-mike-rogers-uses-faulty/,Michigan Senate candidate Mike Rogers uses faulty data to warn of big job losses from EV transition,,False
$0 of $42B for internet has been used; $7.5B yielded only 7 EV chargers,Social media,2024-10-01T00:00:00Z,USA Today,usatoday.com,https://www.usatoday.com/story/news/factcheck/2024/10/18/internet-access-ev-charging-funds-fact-check/75686407007/,"Post misleads on funds for internet access, EV charging | Fact check",2024-10-18T13:50:42Z,False
Ola EV customers in Karnataka set fire to an Ola showroom due to the company's failure to service their vehicles for months.,Viral social media post,2024-10-07T00:00:00Z,Newschecker,newschecker.in,https://newschecker.in/fact-check/old-video-of-ola-electric-showroom-on-fire-shared-out-of-context-amid-bhavish-aggarwal-kunal-kamra-spat,Fact Check: Old Video Of Ola Electric Showroom On Fire Shared Out Of Context Amid Bhavish Aggarwal-Kunal Kamra Spat,2024-10-07T00:00:00Z,Missing Context
Electric vehicles can catch fire after flooding,,,KGW,kgw.com,https://www.kgw.com/article/news/verify/electric-vehicles-verify/electric-vehicles-explode-fire-flood-hurricanes-tesla-fact-check/536-2bf67117-dee3-473b-aa9b-1eafc56621e7,"EVs can catch fire after floods, but won’t ‘explode like a bomb’",2024-10-03T20:41:00Z,"True. While unlikely, EVs can catch fire during or weeks after flooding"
Electric vehicles can catch fire after flooding,,,KTVB,ktvb.com,https://www.ktvb.com/article/news/verify/electric-vehicles-verify/electric-vehicles-explode-fire-flood-hurricanes-tesla-fact-check/536-2bf67117-dee3-473b-aa9b-1eafc56621e7,"EVs can catch fire after floods, but won’t ‘explode like a bomb’",2024-10-03T20:41:00Z,"True. While unlikely, EVs can catch fire during or weeks after flooding"
Electric vehicles can catch fire after flooding,,,KVUE,kvue.com,https://www.kvue.com/article/news/verify/electric-vehicles-verify/electric-vehicles-explode-fire-flood-hurricanes-tesla-fact-check/536-2bf67117-dee3-473b-aa9b-1eafc56621e7,"EVs can catch fire after floods, but won’t ‘explode like a bomb’",2024-10-03T20:41:00Z,"True. While unlikely, EVs can catch fire during or weeks after flooding"
Electric vehicles can catch fire after flooding,,,WFAA,wfaa.com,https://www.wfaa.com/article/news/verify/electric-vehicles-verify/electric-vehicles-explode-fire-flood-hurricanes-tesla-fact-check/536-2bf67117-dee3-473b-aa9b-1eafc56621e7,"EVs can catch fire after floods, but won’t ‘explode like a bomb’",2024-10-03T20:41:00Z,"True. While unlikely, EVs can catch fire during or weeks after flooding"
Electric vehicles can catch fire after flooding,,,WLTX,wltx.com,https://www.wltx.com/article/news/verify/electric-vehicles-verify/electric-vehicles-explode-fire-flood-hurricanes-tesla-fact-check/536-2bf67117-dee3-473b-aa9b-1eafc56621e7,"EVs can catch fire after floods, but won’t ‘explode like a bomb’",2024-10-03T20:41:00Z,"True. While unlikely, EVs can catch fire during or weeks after flooding"
Electric vehicles can catch fire after flooding,,,WNEP,wnep.com,https://www.wnep.com/article/news/verify/electric-vehicles-verify/electric-vehicles-explode-fire-flood-hurricanes-tesla-fact-check/536-2bf67117-dee3-473b-aa9b-1eafc56621e7,"EVs can catch fire after floods, but won’t ‘explode like a bomb’",2024-10-03T20:41:00Z,"True. While unlikely, EVs can catch fire during or weeks after flooding"
Electric vehicles can catch fire after flooding,,,WQAD,wqad.com,https://www.wqad.com/article/news/verify/electric-vehicles-verify/electric-vehicles-explode-fire-flood-hurricanes-tesla-fact-check/536-2bf67117-dee3-473b-aa9b-1eafc56621e7,"EVs can catch fire after floods, but won’t ‘explode like a bomb’",2024-10-03T20:41:00Z,"True. While unlikely, EVs can catch fire during or weeks after flooding"
Electric vehicles can catch fire after flooding,,,WTHR,wthr.com,https://www.wthr.com/article/news/verify/electric-vehicles-verify/electric-vehicles-explode-fire-flood-hurricanes-tesla-fact-check/536-2bf67117-dee3-473b-aa9b-1eafc56621e7,"EVs can catch fire after floods, but won’t ‘explode like a bomb’",2024-10-03T20:41:00Z,"True. While unlikely, EVs can catch fire during or weeks after flooding"
Electric vehicles can catch fire after flooding,,,CBS 8,cbs8.com,https://www.cbs8.com/article/news/verify/electric-vehicles-verify/electric-vehicles-explode-fire-flood-hurricanes-tesla-fact-check/536-2bf67117-dee3-473b-aa9b-1eafc56621e7,"EVs can catch fire after floods, but won’t ‘explode like a bomb’",2024-10-03T20:41:00Z,"True. While unlikely, EVs can catch fire during or weeks after flooding"
Electric vehicles can catch fire after flooding,,,CBS19,cbs19.tv,https://www.cbs19.tv/article/news/verify/electric-vehicles-verify/electric-vehicles-explode-fire-flood-hurricanes-tesla-fact-check/536-2bf67117-dee3-473b-aa9b-1eafc56621e7,"EVs can catch fire after floods, but won’t ‘explode like a bomb’",2024-10-03T20:41:00Z,"True. While unlikely, EVs can catch fire during or weeks after flooding"
Electric vehicles can catch fire after flooding,,,KIII,kiiitv.com,https://www.kiiitv.com/article/news/verify/electric-vehicles-verify/electric-vehicles-explode-fire-flood-hurricanes-tesla-fact-check/536-2bf67117-dee3-473b-aa9b-1eafc56621e7,"EVs can catch fire after floods, but won’t ‘explode like a bomb’",2024-10-03T20:41:00Z,"True. While unlikely, EVs can catch fire during or weeks after flooding"
Electric vehicles can catch fire after flooding,,,9News,9news.com,https://www.9news.com/article/news/verify/electric-vehicles-verify/electric-vehicles-explode-fire-flood-hurricanes-tesla-fact-check/536-2bf67117-dee3-473b-aa9b-1eafc56621e7,"EVs can catch fire after floods, but won’t ‘explode like a bomb’",2024-10-03T20:41:00Z,"True. While unlikely, EVs can catch fire during or weeks after flooding"
Electric vehicles can catch fire after flooding,,,WUSA9,wusa9.com,https://www.wusa9.com/article/news/verify/electric-vehicles-verify/electric-vehicles-explode-fire-flood-hurricanes-tesla-fact-check/536-2bf67117-dee3-473b-aa9b-1eafc56621e7,"EVs can catch fire after floods, but won’t ‘explode like a bomb’",2024-10-03T20:41:00Z,"True. While unlikely, EVs can catch fire during or weeks after flooding"
Electric vehicles can catch fire after flooding,,,KENS 5,kens5.com,https://www.kens5.com/article/news/verify/electric-vehicles-explode-fire-flood-hurricanes-tesla-fact-check/536-2bf67117-dee3-473b-aa9b-1eafc56621e7,"EVs can catch fire after floods, but won’t ‘explode like a bomb’",2024-10-03T20:41:00Z,"True. While unlikely, EVs can catch fire during or weeks after flooding"
Electric vehicles can catch fire after flooding,,,12News,12news.com,https://www.12news.com/article/news/verify/electric-vehicles-verify/electric-vehicles-explode-fire-flood-hurricanes-tesla-fact-check/536-2bf67117-dee3-473b-aa9b-1eafc56621e7,"EVs can catch fire after floods, but won’t ‘explode like a bomb’",2024-10-03T20:41:00Z,"True. While unlikely, EVs can catch fire during or weeks after flooding"
Electric vehicles can catch fire after flooding,,,WVEC,13newsnow.com,https://www.13newsnow.com/article/news/verify/electric-vehicles-verify/electric-vehicles-explode-fire-flood-hurricanes-tesla-fact-check/536-2bf67117-dee3-473b-aa9b-1eafc56621e7,"EVs can catch fire after floods, but won’t ‘explode like a bomb’",2024-10-03T20:41:00Z,"True. While unlikely, EVs can catch fire during or weeks after flooding"
Electric vehicles can catch fire after flooding,,,WZZM 13,wzzm13.com,https://www.wzzm13.com/article/news/verify/electric-vehicles-verify/electric-vehicles-explode-fire-flood-hurricanes-tesla-fact-check/536-2bf67117-dee3-473b-aa9b-1eafc56621e7,"EVs can catch fire after floods, but won’t ‘explode like a bomb’",2024-10-03T20:41:00Z,"True. While unlikely, EVs can catch fire during or weeks after flooding"
Electric vehicles can catch fire after flooding,,,thv11.com,thv11.com,https://www.thv11.com/article/news/verify/electric-vehicles-verify/electric-vehicles-explode-fire-flood-hurricanes-tesla-fact-check/536-2bf67117-dee3-473b-aa9b-1eafc56621e7,"EVs can catch fire after floods, but won’t ‘explode like a bomb’",2024-10-03T20:41:00Z,"True. While unlikely, EVs can catch fire during or weeks after flooding"
Electric vehicles can catch fire after flooding,,,5NEWS,5newsonline.com,https://www.5newsonline.com/article/news/verify/electric-vehicles-verify/electric-vehicles-explode-fire-flood-hurricanes-tesla-fact-check/536-2bf67117-dee3-473b-aa9b-1eafc56621e7,"EVs can catch fire after floods, but won’t ‘explode like a bomb’",2024-10-03T20:41:00Z,"True. While unlikely, EVs can catch fire during or weeks after flooding"
Electric vehicles can catch fire after flooding,,,KREM,krem.com,https://www.krem.com/article/news/verify/electric-vehicles-verify/electric-vehicles-explode-fire-flood-hurricanes-tesla-fact-check/536-2bf67117-dee3-473b-aa9b-1eafc56621e7,"EVs can catch fire after floods, but won’t ‘explode like a bomb’",2024-10-03T20:41:00Z,"True. While unlikely, EVs can catch fire during or weeks after flooding"
Electric vehicles can catch fire after flooding,,,KSDK,ksdk.com,https://www.ksdk.com/article/news/verify/electric-vehicles-verify/electric-vehicles-explode-fire-flood-hurricanes-tesla-fact-check/536-2bf67117-dee3-473b-aa9b-1eafc56621e7,"EVs can catch fire after floods, but won’t ‘explode like a bomb’",2024-10-03T20:41:00Z,"True. While unlikely, EVs can catch fire during or weeks after flooding"
Electric vehicles can catch fire after flooding,,,11Alive.com,11alive.com,https://www.11alive.com/article/news/verify/electric-vehicles-verify/electric-vehicles-explode-fire-flood-hurricanes-tesla-fact-check/536-2bf67117-dee3-473b-aa9b-1eafc56621e7,"EVs can catch fire after floods, but won’t ‘explode like a bomb’",2024-10-03T20:41:00Z,"True. While unlikely, EVs can catch fire during or weeks after flooding"
Electric vehicles can catch fire after flooding,,,KHOU,khou.com,https://www.khou.com/article/news/verify/electric-vehicles-verify/electric-vehicles-explode-fire-flood-hurricanes-tesla-fact-check/536-2bf67117-dee3-473b-aa9b-1eafc56621e7,"EVs can catch fire after floods, but won’t ‘explode like a bomb’",2024-10-03T20:41:00Z,"True. While unlikely, EVs can catch fire during or weeks after flooding"
Electric vehicles can catch fire after flooding,,,WCNC,wcnc.com,https://www.wcnc.com/article/news/verify/electric-vehicles-verify/electric-vehicles-explode-fire-flood-hurricanes-tesla-fact-check/536-2bf67117-dee3-473b-aa9b-1eafc56621e7,"EVs can catch fire after floods, but won’t ‘explode like a bomb’",2024-10-03T20:41:00Z,"True. While unlikely, EVs can catch fire during or weeks after flooding"
Electric vehicles can catch fire after flooding,,,WGRZ,wgrz.com,https://www.wgrz.com/article/news/verify/electric-vehicles-verify/electric-vehicles-explode-fire-flood-hurricanes-tesla-fact-check/536-2bf67117-dee3-473b-aa9b-1eafc56621e7,"EVs can catch fire after floods, but won’t ‘explode like a bomb’",2024-10-03T20:41:00Z,"True. While unlikely, EVs can catch fire during or weeks after flooding"
Electric vehicles can catch fire after flooding,,,WKYC,wkyc.com,https://www.wkyc.com/article/news/verify/electric-vehicles-verify/electric-vehicles-explode-fire-flood-hurricanes-tesla-fact-check/536-2bf67117-dee3-473b-aa9b-1eafc56621e7,"EVs can catch fire after floods, but won’t ‘explode like a bomb’",2024-10-03T20:41:00Z,"True. While unlikely, EVs can catch fire during or weeks after flooding"
Electric vehicles can catch fire after flooding,,,ABC10,abc10.com,https://www.abc10.com/article/news/verify/electric-vehicles-verify/electric-vehicles-explode-fire-flood-hurricanes-tesla-fact-check/536-2bf67117-dee3-473b-aa9b-1eafc56621e7,"EVs can catch fire after floods, but won’t ‘explode like a bomb’",2024-10-03T20:41:00Z,"True. While unlikely, EVs can catch fire during or weeks after flooding"
Electric vehicles can catch fire after flooding,,,13WMAZ,13wmaz.com,https://www.13wmaz.com/article/news/verify/electric-vehicles-verify/electric-vehicles-explode-fire-flood-hurricanes-tesla-fact-check/536-2bf67117-dee3-473b-aa9b-1eafc56621e7,"EVs can catch fire after floods, but won’t ‘explode like a bomb’",2024-10-03T20:41:00Z,"True. While unlikely, EVs can catch fire during or weeks after flooding"
Electric vehicles can catch fire after flooding,,,WWL-TV,wwltv.com,https://www.wwltv.com/article/news/verify/electric-vehicles-verify/electric-vehicles-explode-fire-flood-hurricanes-tesla-fact-check/536-2bf67117-dee3-473b-aa9b-1eafc56621e7,"EVs can catch fire after floods, but won’t ‘explode like a bomb’",2024-10-03T20:41:00Z,"True. While unlikely, EVs can catch fire during or weeks after flooding"
Electric vehicles can catch fire after flooding,,,weareiowa.com,weareiowa.com,https://www.weareiowa.com/article/news/verify/electric-vehicles-verify/electric-vehicles-explode-fire-flood-hurricanes-tesla-fact-check/536-2bf67117-dee3-473b-aa9b-1eafc56621e7,"EVs can catch fire after floods, but won’t ‘explode like a bomb’",2024-10-03T20:41:00Z,"True. While unlikely, EVs can catch fire during or weeks after flooding"
Electric vehicles can catch fire after flooding,,,KARE 11,kare11.com,https://www.kare11.com/article/news/verify/electric-vehicles-verify/electric-vehicles-explode-fire-flood-hurricanes-tesla-fact-check/536-2bf67117-dee3-473b-aa9b-1eafc56621e7,"EVs can catch fire after floods, but won’t ‘explode like a bomb’",2024-10-03T20:41:00Z,"True. While unlikely, EVs can catch fire during or weeks after flooding"
Electric vehicles can catch fire after flooding,,,KCEN-TV,kcentv.com,https://www.kcentv.com/article/news/verify/electric-vehicles-verify/electric-vehicles-explode-fire-flood-hurricanes-tesla-fact-check/536-2bf67117-dee3-473b-aa9b-1eafc56621e7,"EVs can catch fire after floods, but won’t ‘explode like a bomb’",2024-10-03T20:41:00Z,"True. While unlikely, EVs can catch fire during or weeks after flooding"
Electric vehicles can catch fire after flooding,,,FOX West Texas,myfoxzone.com,https://www.myfoxzone.com/article/news/verify/electric-vehicles-explode-fire-flood-hurricanes-tesla-fact-check/536-2bf67117-dee3-473b-aa9b-1eafc56621e7,"EVs can catch fire after floods, but won’t ‘explode like a bomb’",2024-10-03T20:41:00Z,"True. While unlikely, EVs can catch fire during or weeks after flooding"
Electric vehicles can catch fire after flooding,,,KBMT,12newsnow.com,https://www.12newsnow.com/article/news/verify/electric-vehicles-verify/electric-vehicles-explode-fire-flood-hurricanes-tesla-fact-check/536-2bf67117-dee3-473b-aa9b-1eafc56621e7,"EVs can catch fire after floods, but won’t ‘explode like a bomb’",2024-10-03T20:41:00Z,"True. While unlikely, EVs can catch fire during or weeks after flooding"
Electric vehicles can catch fire after flooding,,,VERIFYThis.com,verifythis.com,https://www.verifythis.com/article/news/verify/electric-vehicles-verify/electric-vehicles-explode-fire-flood-hurricanes-tesla-fact-check/536-2bf67117-dee3-473b-aa9b-1eafc56621e7,"EVs can catch fire after floods, but won’t ‘explode like a bomb’",2024-10-03T20:41:00Z,"True. While unlikely, EVs can catch fire during or weeks after flooding"
Electric vehicles can catch fire after flooding,,,King 5 News,king5.com,https://www.king5.com/article/news/verify/electric-vehicles-verify/electric-vehicles-explode-fire-flood-hurricanes-tesla-fact-check/536-2bf67117-dee3-473b-aa9b-1eafc56621e7,"EVs can catch fire after floods, but won’t ‘explode like a bomb’",2024-10-03T20:41:00Z,"True. While unlikely, EVs can catch fire during or weeks after flooding"
Electric vehicles can catch fire after flooding,,,localmemphis.com,localmemphis.com,https://www.localmemphis.com/article/news/verify/electric-vehicles-verify/electric-vehicles-explode-fire-flood-hurricanes-tesla-fact-check/536-2bf67117-dee3-473b-aa9b-1eafc56621e7,"EVs can catch fire after floods, but won’t ‘explode like a bomb’",2024-10-03T20:41:00Z,"True. While unlikely, EVs can catch fire during or weeks after flooding"
Electric vehicles can catch fire after flooding,,,First Coast News,firstcoastnews.com,https://www.firstcoastnews.com/article/news/verify/electric-vehicles-verify/electric-vehicles-explode-fire-flood-hurricanes-tesla-fact-check/536-2bf67117-dee3-473b-aa9b-1eafc56621e7,"EVs can catch fire after floods, but won’t ‘explode like a bomb’",2024-10-03T20:41:00Z,"True. While unlikely, EVs can catch fire during or weeks after flooding"
Electric vehicles can catch fire after flooding,,,News Center Maine,newscentermaine.com,https://www.newscentermaine.com/article/news/verify/electric-vehicles-verify/electric-vehicles-explode-fire-flood-hurricanes-tesla-fact-check/536-2bf67117-dee3-473b-aa9b-1eafc56621e7,"EVs can catch fire after floods, but won’t ‘explode like a bomb’",2024-10-03T20:41:00Z,"True. While unlikely, EVs can catch fire during or weeks after flooding"
"Electric vehicles are not green, manufacturing their batteries is environmentally unfriendly and they can emit more greenhouse gas than comparable fossil-fuel vehicles.",,,Science Feedback,science.feedback.org,https://science.feedback.org/in-most-cases-electrifying-cars-reduces-their-emissions/,"In most cases, electrifying cars reduces their emissions",2024-09-20T00:00:00Z,Misleading
The largest EV charging station in the world is solely powered by diesel generators.,Social media users,2024-08-31T00:00:00Z,Science Feedback,science.feedback.org,https://science.feedback.org/review/diesel-generators-do-not-charge-most-electric-vehicles/,Diesel generators do not charge most electric vehicles,2024-09-06T00:00:00Z,Inaccurate
"Kelsey Grammer said ""If you don't plug your EV into a solar panel or a windmill, you're just playing an expensive game of make-believe.""",,,Snopes.com,snopes.com,https://www.snopes.com/fact-check/ev-make-believe/,Kelsey Grammer Didn't Say Electric Vehicles Are 'Expensive Game ...,2024-08-22T16:57:12Z,Labeled Satire
"The Biden administration ""spent $9 billion on eight chargers!""",Donald Trump,2024-07-19T00:00:00Z,FactCheck.org,factcheck.org,https://www.factcheck.org/2024/08/trump-misleads-on-the-cost-of-electric-vehicle-chargers/,Trump Misleads on the Cost of Electric Vehicle Chargers,,False
Electric vehicles supercharger uses more energy than hundreds of houses,Social media,2024-07-13T00:00:00Z,USA Today,usatoday.com,https://www.usatoday.com/story/news/factcheck/2024/07/12/electric-cars-charging-houses-fact-check/74222238007/,Electric cars use less power than a house on average | Fact check,2024-07-12T18:27:59Z,Partly False
An exemption to London’s Ultra Low Emission Zone (ULEZ) for electric cars is to end next year.,facebook user,2024-07-01T00:00:00Z,Full Fact,fullfact.org,https://fullfact.org/online/ulez-electric-vehicles-exemption-claim/,Posts incorrectly claim ULEZ exemption for electric cars ending next year – Full Fact,2024-07-09T00:00:00Z,"This isn’t true. While a discount to London’s congestion charge for zero emissions vehicles is due to end in 2025, all electric vehicles remain exempt from the daily £12.50 ULEZ charge."
A photo shows a mine producing lithium for electric cars.,Facebook users,2024-05-21T00:00:00Z,AAP,aap.com.au,https://www.aap.com.au/factcheck/meme-comparing-petrol-car-and-ev-impacts-mislabels-mine/,Meme comparing petrol car and EV impacts mislabels mine,2025-02-07T01:34:17Z,False. The photo shows a gold mine.
Video shows “two electric vehicles in a crash in Canada.”,Facebook post,2024-05-18T00:00:00Z,PolitiFact,politifact.com,https://www.politifact.com/factchecks/2024/jun/18/facebook-posts/video-shows-bus-and-truck-colliding-in-moscow-not/,"Video shows bus and truck colliding in Moscow, not two electric vehicles crashing in Canada",,False
A photo shows a mine for “lithium for electric cars.”,Viral image,2024-04-14T00:00:00Z,PolitiFact,politifact.com,https://www.politifact.com/factchecks/2024/apr/23/viral-image/mine-games-photo-shows-extraction-site-for-copper/,"Mine games: Photo shows extraction site for copper, not lithium",,False
Photo shows lithium mine 'for electric cars',Social media,2024-04-14T00:00:00Z,USA Today,usatoday.com,https://www.usatoday.com/story/news/factcheck/2024/04/22/electric-car-copper-mine-not-lithium/73403057007/,"Electric car meme shows copper mine, not lithium mine | Fact check",2024-04-22T20:09:54Z,False
World's first permanent Electrified road to charge Electric vehicles while driving opens in Sweden.,threads.net,2024-04-17T22:57:00Z,Lead Stories,leadstories.com,https://leadstories.com/hoax-alert/2024/04/fact-check-worlds-first-permanent-electrified-road-is-not-open-in-sweden-as-of-april-2024.html,Fact Check: World's 'First Permanent Electrified Road' Is NOT Open As Of April 2024 -- Project In Sweden Is Paused,2024-04-17T22:57:00Z,Project Paused
Diesel generators for charging electric vehicles are popping up everywhere,,,CBS 8,cbs8.com,https://www.cbs8.com/article/news/verify/electric-vehicles-verify/no-diesel-generators-for-charging-electric-vehicles-arent-popping-up-everywhere/536-91d2c580-f93f-4e28-993c-3dc0fd5b5b87,"No, diesel generators for charging electric vehicles aren't popping ...",2024-04-17T14:23:00Z,False. Diesel generators for charging EVs are not popping up everywhere
"Study shows EVs pollute 1,850 times more than fuel-powered vehicles",Social media,2024-03-14T00:00:00Z,USA Today,usatoday.com,https://www.usatoday.com/story/news/factcheck/2024/04/04/study-evs-pollute-more-fact-check/73173207007/,"False claim study shows EVs pollute 1,850 times more | Fact check",2024-04-04T18:46:55Z,False
"EVs pollute 1,850 times more than fuel-powered cars",Multiple sources,2024-03-14T00:00:00Z,AFP Fact Check,factcheck.afp.com,https://factcheck.afp.com/doc.afp.com.34MD8RU,Report did not find EVs pollute more than gas cars,2024-03-28T16:55:00Z,False
A study has found that electric vehicles (EVs) pollute the environment at least 1850 times more than petrol-powered cars.,Facebook users,2024-03-12T00:00:00Z,AAP,aap.com.au,https://www.aap.com.au/factcheck/tiresome-tyre-claim-false-to-get-traction/,Tiresome tyre claim false to get traction,2025-02-07T01:58:28Z,False. The supposed finding is completely fabricated.
Biden’s EPA is banning gas cars in the United States.,American Fuel & Petrochemical Manufacturers (AFPM),,VERIFYThis.com,verifythis.com,https://www.verifythis.com/article/news/verify/government-verify/epa-biden-not-banning-gas-diesel-cars-trucks-in-united-states-like-afpm-ads-claim/536-cd452577-9862-4aad-970f-738f1848c7d9,Biden’s EPA is not banning gas cars like ads claim,2024-03-12T22:27:00Z,False. The EPA is not banning gas cars in the United States.
"“It takes SEVEN years for an electric car to reach net-zero CO2."" Only after that, ""do you begin to reduce your carbon footprint.""",Social media posts,2024-01-18T00:00:00Z,FactCheck.org,factcheck.org,https://www.factcheck.org/2024/02/electric-vehicles-contribute-fewer-emissions-than-gasoline-powered-cars-over-their-lifetimes/,Electric Vehicles Contribute Fewer Emissions Than Gasoline-Powered Cars Over Their Lifetimes,,False
Post implies burning delivery van is an electric vehicle,Social media,2024-01-19T00:00:00Z,USA Today,usatoday.com,https://www.usatoday.com/story/news/factcheck/2024/02/05/ocado-van-fire-not-electric/72455335007/,"Post misleads about burning delivery van in London; it's diesel, not electric | Fact check",2024-02-05T20:25:59Z,Missing Context
"""President Biden’s EPA is rushing to ban new gas-powered cars.""",American Fuel & Petrochemical Manufacturers,2024-02-12T00:00:00Z,FactCheck.org,factcheck.org,https://www.factcheck.org/2024/02/experts-say-proposed-vehicle-emissions-and-fuel-rules-not-an-epa-ban-on-gas-powered-cars/,Experts Say Proposed Vehicle Emissions and Fuel Rules Not an ...,,False
Manufacturing EV battery creates same CO2 as driving a gas car for 8 years,Social media,2023-11-30T00:00:00Z,USA Today,usatoday.com,https://www.usatoday.com/story/news/factcheck/2024/01/23/electric-car-battery-gas-engine-co2-fact-check/72158513007/,Electric car battery v. gas engine CO2 claim misleads | Fact check,2024-01-23T22:41:20Z,False
Electric vehicles lose range in cold weather,,,KGW,kgw.com,https://www.kgw.com/article/news/verify/electric-vehicles-verify/yes-electric-vehicles-lose-range-in-cold-weather/536-e96ca40b-dd96-4723-b705-75c3b00b48d9,"Tesla EV batteries require more recharges, lose range in winter",2024-01-17T23:27:00Z,True. Electric vehicles lose range in cold weather.
Electric vehicles lose range in cold weather,,,KREM,krem.com,https://www.krem.com/article/news/verify/electric-vehicles-verify/yes-electric-vehicles-lose-range-in-cold-weather/536-e96ca40b-dd96-4723-b705-75c3b00b48d9,"Tesla EV batteries require more recharges, lose range in winter",2024-01-17T23:27:00Z,True. Electric vehicles lose range in cold weather.
Electric vehicles lose range in cold weather,,,KSDK,ksdk.com,https://www.ksdk.com/article/news/verify/electric-vehicles-verify/yes-electric-vehicles-lose-range-in-cold-weather/536-e96ca40b-dd96-4723-b705-75c3b00b48d9,"Tesla EV batteries require more recharges, lose range in winter",2024-01-17T23:27:00Z,True. Electric vehicles lose range in cold weather.
Electric vehicles lose range in cold weather,,,KTVB,ktvb.com,https://www.ktvb.com/article/news/verify/electric-vehicles-verify/yes-electric-vehicles-lose-range-in-cold-weather/536-e96ca40b-dd96-4723-b705-75c3b00b48d9,"Tesla EV batteries require more recharges, lose range in winter",2024-01-17T23:27:00Z,True. Electric vehicles lose range in cold weather.
Electric vehicles lose range in cold weather,,,KVUE,kvue.com,https://www.kvue.com/article/news/verify/electric-vehicles-verify/yes-electric-vehicles-lose-range-in-cold-weather/536-e96ca40b-dd96-4723-b705-75c3b00b48d9,"Tesla EV batteries require more recharges, lose range in winter",2024-01-17T23:27:00Z,True. Electric vehicles lose range in cold weather.
Electric vehicles lose range in cold weather,,,WCNC,wcnc.com,https://www.wcnc.com/article/news/verify/electric-vehicles-verify/yes-electric-vehicles-lose-range-in-cold-weather/536-e96ca40b-dd96-4723-b705-75c3b00b48d9,"Tesla EV batteries require more recharges, lose range in winter",2024-01-17T23:27:00Z,True. Electric vehicles lose range in cold weather.
Electric vehicles lose range in cold weather,,,WFAA,wfaa.com,https://www.wfaa.com/article/news/verify/electric-vehicles-verify/yes-electric-vehicles-lose-range-in-cold-weather/536-e96ca40b-dd96-4723-b705-75c3b00b48d9,"Tesla EV batteries require more recharges, lose range in winter",2024-01-17T23:27:00Z,True. Electric vehicles lose range in cold weather.
Electric vehicles lose range in cold weather,,,WGRZ,wgrz.com,https://www.wgrz.com/article/news/verify/electric-vehicles-verify/yes-electric-vehicles-lose-range-in-cold-weather/536-e96ca40b-dd96-4723-b705-75c3b00b48d9,"Tesla EV batteries require more recharges, lose range in winter",2024-01-17T23:27:00Z,True. Electric vehicles lose range in cold weather.
Electric vehicles lose range in cold weather,,,WTHR,wthr.com,https://www.wthr.com/article/news/verify/electric-vehicles-verify/yes-electric-vehicles-lose-range-in-cold-weather/536-e96ca40b-dd96-4723-b705-75c3b00b48d9,"Tesla EV batteries require more recharges, lose range in winter",2024-01-17T23:27:00Z,True. Electric vehicles lose range in cold weather.
Electric vehicles lose range in cold weather,,,12News,12news.com,https://www.12news.com/article/news/verify/electric-vehicles-verify/yes-electric-vehicles-lose-range-in-cold-weather/536-e96ca40b-dd96-4723-b705-75c3b00b48d9,"Tesla EV batteries require more recharges, lose range in winter",2024-01-17T23:27:00Z,True. Electric vehicles lose range in cold weather.
Electric vehicles lose range in cold weather,,,KARE 11,kare11.com,https://www.kare11.com/article/news/verify/electric-vehicles-verify/yes-electric-vehicles-lose-range-in-cold-weather/536-e96ca40b-dd96-4723-b705-75c3b00b48d9,"Tesla EV batteries require more recharges, lose range in winter",2024-01-17T23:27:00Z,True. Electric vehicles lose range in cold weather.
Electric vehicles lose range in cold weather,,,KCENTV.com,kcentv.com,https://www.kcentv.com/article/news/verify/electric-vehicles-verify/yes-electric-vehicles-lose-range-in-cold-weather/536-e96ca40b-dd96-4723-b705-75c3b00b48d9,"Tesla EV batteries require more recharges, lose range in winter",2024-01-17T23:27:00Z,True. Electric vehicles lose range in cold weather.
Electric vehicles lose range in cold weather,,,VERIFYThis.com,verifythis.com,https://www.verifythis.com/article/news/verify/electric-vehicles-verify/yes-electric-vehicles-lose-range-in-cold-weather/536-e96ca40b-dd96-4723-b705-75c3b00b48d9,"Tesla EV batteries require more recharges, lose range in winter",2024-01-17T23:27:00Z,True. Electric vehicles lose range in cold weather.
"""Tens of thousands of auto jobs were lost nationwide during Trump’s presidency.”",Joe Biden,2024-01-24T00:00:00Z,The Washington Post,washingtonpost.com,https://www.washingtonpost.com/politics/2024/01/30/biden-versus-trump-electric-vehicles-chinas-threat/,Analysis | Biden vs. Trump on electric vehicles and China's threat,2024-01-30T13:00:36Z,Needs context
"""Those cars are all going to be made in China. … There’s no such thing as fair transition that destroys over 100,000 auto manufacturing jobs.”",Donald Trump,2024-01-24T00:00:00Z,The Washington Post,washingtonpost.com,https://www.washingtonpost.com/politics/2024/01/30/biden-versus-trump-electric-vehicles-chinas-threat/,Analysis | Biden vs. Trump on electric vehicles and China's threat,2024-01-30T13:00:36Z,No evidence
Photo shows electric vehicles stranded in recent German winter storm,Social media,2023-12-08T00:00:00Z,USA Today,usatoday.com,https://www.usatoday.com/story/news/factcheck/2023/12/22/false-claim-photo-shows-stranded-german-electric-vehicles-fact-check/72001499007/,"Old photo shows cars stranded in US snowstorm, not German electric vehicles | Fact check",2023-12-22T20:15:02Z,False
A photo showed electric vehicles that failed and were abandoned during a December 2023 winter storm in Germany.,,,Snopes,snopes.com,https://www.snopes.com/fact-check/electric-vehicles-germany/,Pic Shows Electric Vehicles That Failed In German Winter Storm?,2023-12-21T08:42:57Z,Miscaptioned
Manufacturing an electric vehicle (EV) battery produces the same amount of CO2 as running a petrol car for eight years.,Facebook users,2023-12-01T00:00:00Z,AAP,aap.com.au,https://www.aap.com.au/factcheck/ev-critics-stuck-in-slow-lane-with-battery-bashing/,EV critics stuck in slow lane with battery bashing,2025-02-07T02:49:58Z,False. Manufacturing EV batteries produces roughly a quarter of the CO2 from running a petrol car over eight years.
"The rules for the clean vehicles tax credit changed on Jan. 1, 2024.",,,WVEC,13newsnow.com,https://www.13newsnow.com/article/news/verify/electric-vehicles-verify/electric-vehicles-ev-tax-credit-2024-irs-inflation-reduction-act-of-2022-fact-sheet/536-246483bf-deec-4bcc-a41b-014b904978cb,EV tax credits 2024: VERIFY Fact Sheet | 13newsnow.com,2024-01-09T15:17:00Z,"True. The rules for the clean vehicles tax credit changed on Jan. 1, 2024."
Electric vehicle adoption is a big driver of PGE's upcoming 17% price hike,A KGW viewer wanted to know how much of the rate hike is due to EVs,,KGW,kgw.com,https://www.kgw.com/article/news/verify/pge-rate-hike-not-caused-electric-vehicles/283-1d0ccb3e-f536-4b33-b78e-f980c7d6604a,"No, PGE's upcoming 17% rate hike is not due to electric vehicle costs",2023-12-12T17:56:00Z,False
Electric cars are part of a conspiracy to limit movement,Facebook user Brainsparker,2023-11-28T00:00:00Z,Logically Facts,logicallyfacts.com,https://www.logicallyfacts.com/en/fact-check/false-electric-cars-not-part-of-conspiracy-to-limit-movement,Electric cars not part of conspiracy to limit movement,2023-12-04T00:00:00Z,"While most modern cars collect information about drivers, it is not currently possible for governments to shut them down remotely. The claim is connected to the Great Reset conspiracy theory."
A video shows new electric vehicle chargers with a generator operating nearby which is using diesel to power them.,Facebook user,2023-10-08T00:00:00Z,Full Fact,fullfact.org,https://fullfact.org/online/diesel-generators-electric-car-chargers/,Diesel generator not powering electric vehicle chargers at Welsh service station – Full Fact,2023-11-28T00:00:00Z,This is false. The generator is using hydrotreated vegetable oil and is facilitating the installation work. Once operational the chargers will power electric vehicles using renewable energy.
"""You can't get out of New Hampshire in an electric car. Where are you going? ‘I'm going to Massachusetts.’ Well, you better get yourself a gas turbine because this car is not going to get you there. Well, you could, if you stop about four times now.""",Donald Trump,2023-11-11T00:00:00Z,PolitiFact,politifact.com,https://www.politifact.com/article/2023/nov/27/politifact-road-tests-donald-trumps-claim-about-dr/,PolitiFact road-tests Donald Trump’s claim about driving an electric vehicle in New Hampshire,,Home chargers should be fine
Video shows EV charging station with diesel generator that runs 24/7,social media,2023-10-25T00:00:00Z,USA Today,usatoday.com,https://www.usatoday.com/story/news/factcheck/2023/11/15/ev-charger-is-solar-and-diesel-powered-not-247-diesel-fact-check/71568937007/,"EV charger is solar and diesel-powered, not 24/7 diesel | Fact check",2023-11-15T20:09:00Z,False
An electric vehicle charging station in Australia's outback is entirely powered by a diesel generator.,An Instagram user,2023-10-26T00:00:00Z,AAP,aap.com.au,https://www.aap.com.au/factcheck/instagram-user-unknowingly-debunks-own-claim-in-viral-video/,Instagram user unknowingly debunks own claim in viral video,2025-02-07T02:54:46Z,False. Solar panels on the station's roof are the initial power source. The generator is only used as a backup.
Extrication tools like the Jaws of Life can be used on electric vehicles.,,,VERIFYThis.com,verifythis.com,https://www.verifythis.com/article/news/verify/electric-vehicles-verify/jaws-of-life-electric-vehicles-ev-emergency-first-responders-firefighters-fact-check/536-dec76c00-9ef4-4290-9bc6-e932ad17b309,Jaws of Life can be used on electric vehicles,2023-11-09T22:51:00Z,True. Extrication tools like Jaws of Life can be used on electric vehicles.
Donald Trump's Theories About Electric Vehicles,Donald Trump,2023-10-03T17:13:51Z,Newsweek,newsweek.com,https://www.newsweek.com/donald-trump-climate-change-electric-cars-iowa-2024-campaign-1831472,Fact Check: Donald Trump's Theories About Electric Vehicles,2023-10-03T17:13:51Z,False
Parking garages will continue to collapse due to electric vehicles.,Viewer comment on Facebook,,First Coast News,firstcoastnews.com,https://www.firstcoastnews.com/article/news/verify/no-electric-vehicles-are-not-too-heavy-for-parking-garages/77-a4a7e83a-6cde-40af-880a-96213573f7b8,Are electric vehicles too heavy for parking garages?,2023-09-13T23:10:00Z,False
"""I saved American auto manufacturing, you know that, in my first term. ... When I came into office, the auto industry was on its knees, gasping its last breaths after eight long years of Obama and Biden.""",Donald Trump,2023-09-27T00:00:00Z,FactCheck.org,factcheck.org,https://www.factcheck.org/2023/10/trumps-misleading-claims-about-electric-vehicles-and-the-auto-industry/,Trump's Misleading Claims About Electric Vehicles and the Auto ...,2023-10-02T22:30:10Z,False
President Joe Biden “has dictated that nearly 70% of all cars” made in the U.S. must be “fully electric” in 10 years.,Donald Trump,2023-09-27T00:00:00Z,FactCheck.org,factcheck.org,https://www.factcheck.org/2023/10/trumps-misleading-claims-about-electric-vehicles-and-the-auto-industry/,Trump's Misleading Claims About Electric Vehicles and the Auto ...,2023-10-02T22:30:10Z,Misleading
Drivers of non-electric vehicles will be fined £12 every time they drive past a ULEZ camera.,facebook user,2023-08-13T00:00:00Z,Full Fact,fullfact.org,https://fullfact.org/online/electric-vehicles-ulez-fines/,You don't need an electric vehicle to comply with ULEZ – Full Fact,2023-08-25T00:00:00Z,"False. Most petrol and diesel vehicles already comply with ULEZ standards. For those that do not, a £12.50 daily charge is levied."
A video captures an explosion resulting from the collision of two electric vehicles triggered by the ignition of a lithium battery.,twitter.com,2023-08-12T08:20:00Z,,misbar.com,https://www.misbar.com/en/factcheck/2023/08/13/this-explosion-was-not-caused-by-the-collision-of-two-electric-vehicles,This Explosion Was Not Caused by the Collision of Two Electric Vehicles,2023-08-12T08:20:00Z,misleading
"Fire on cargo ship carrying EVs 'impossible to put out,' ship must be sunk",Social media,2023-08-02T00:00:00Z,USA Today,usatoday.com,https://www.usatoday.com/story/news/factcheck/2023/08/10/cargo-ship-with-electric-cars-moored-not-sunk-fact-check/70561224007/,"Cargo ship with electric cars moored, not sunk | Fact check",2023-08-10T22:03:28Z,False
A video shows several fiery explosions in the aftermath of a collision between two electric vehicles.,Facebook users,2023-07-17T00:00:00Z,AAP,aap.com.au,https://www.aap.com.au/factcheck/explosive-video-gaslights-electric-vehicle-drivers/,Explosive video gaslights electric vehicle drivers,2025-02-07T03:43:20Z,False. The explosions are from gas cylinders being transported on the back of a truck.
Video shows electric vehicle fire after collision,Social media,2023-07-29T00:00:00Z,USA Today,usatoday.com,https://www.usatoday.com/story/news/factcheck/2023/08/08/video-shows-gas-canister-fires-not-ev-crash-fact-check/70530828007/,"Video shows gas canister fire, not EV crash | Fact check",2023-08-08T20:06:29Z,False
A video shows a fiery explosion after two electric vehicles collided,Multiple people,2023-07-30T00:00:00Z,AFP Fact Check,factcheck.afp.com,https://factcheck.afp.com/doc.afp.com.33QG9KY,Highway explosion video misrepresented as EV collision,2023-08-03T22:05:00Z,False
Video shows a collision between two electric vehicles,Social Media,2023-07-18T00:00:00Z,NewsMobile,newsmobile.in,https://www.newsmobile.in/nm-fact-checker/fact-check-does-this-video-show-a-massive-collision-involving-two-evs-heres-the-truth/,Fact Check: Does This Video Show A Massive Collision Involving Two EVs? Here’s The Truth,2023-08-02T00:00:00Z,False
This video is from 2023 and shows two Electric Vehicles colliding,Social Media Users,2023-07-31T10:22:40Z,BOOM Fact Check,boomlive.in,https://www.boomlive.in/fact-check/old-video-from-moscow-claimed-as-electric-vehicle-collision-22662,Misleading Video Of Cylinder in Moscow Shared As Moscow Shared As Electric Vehicle Collision,2023-07-31T10:22:40Z,False
Visuals showing multiple explosions due to the collision between two electric vehicles,SOCIAL MEDIA POST,2023-07-18T00:00:00Z,FACTLY,factly.in,https://factly.in/viral-video-shows-gas-canisters-exploding-after-the-non-electric-truck-carrying-them-crashed/,Viral video shows gas canisters exploding after the non-electric truck ...,2023-07-31T00:00:00Z,FALSE
"Two EVs collide on the highway, causing a massive explosion.",Viral social media post,2023-07-30T00:00:00Z,Newschecker,newschecker.in,https://newschecker.in/fact-check/crash-between-two-electric-vehicles-heres-the-truth-behind-viral-video,Crash Between Two Electric Vehicles? Here’s The Truth Behind ...,2023-07-30T00:00:00Z,False
A collison between two electric vehicles led to a fire on a highway.,"Facebook,Twitter,WhatsApp",2023-07-29T09:50:05Z,The Quint,thequint.com,https://www.thequint.com/news/webqoof/old-video-of-an-accident-in-russia-goes-viral-as-recent-with-false-claim,Fact-Check | Old video of an accident between an Isuzu and Bus from 2013 that took place in Russia goes viral as recent,2023-07-29T09:50:05Z,False
"Electric vehicles are a ""giant computer that can be controlled remotely from some cloud-based central grid.""",Facebook posts,2023-05-10T00:00:00Z,PolitiFact,politifact.com,https://www.politifact.com/factchecks/2023/may/27/facebook-posts/whos-driving-this-thing-post-exaggerates-electric/,Who’s driving this thing? Social post exaggerates electric grid’s remote capability,,Mostly False
"In May 2023, an electric car battery caught fire and caused a large fire at a U.S. warehouse full of electric cars.",,,Snopes,snopes.com,https://www.snopes.com/fact-check/electric-car-warehouse-fire/,Did an Electric Car Fire at a US Warehouse Destroy Dozens of Cars?,2023-05-25T14:37:25Z,Miscaptioned
Is car insurance more expensive for a new electric car?,Kathy via email,,WCNC,wcnc.com,https://www.wcnc.com/article/news/verify/verify-electric-vehicle-car-insurance-premiums-gas-powered-cars-tesla-hybrid-chevrolet-ford/275-c0c8499a-4499-4463-b966-7b9029ddbbe5,VERIFY: Is car insurance more expensive for electric vehicles?,2023-05-01T12:23:00Z,True
Electric cars have catalytic converters.,,,10TV,10tv.com,https://www.10tv.com/article/news/verify/electric-vehicles-verify/electric-cars-no-catalytic-converters-teslas-theft/536-20a9fddc-bfde-44f7-8f16-307613f23da2,No catalytic converters on electric vehicles,2023-04-13T14:02:00Z,False. Electric cars don’t have catalytic converters.
Electric cars have catalytic converters.,,,KTVB,ktvb.com,https://www.ktvb.com/article/news/verify/electric-vehicles-verify/electric-cars-no-catalytic-converters-teslas-theft/536-20a9fddc-bfde-44f7-8f16-307613f23da2,No catalytic converters on electric vehicles,2023-04-13T14:02:00Z,False. Electric cars don’t have catalytic converters.
Electric cars have catalytic converters.,,,WKYC,wkyc.com,https://www.wkyc.com/article/news/verify/electric-vehicles-verify/electric-cars-no-catalytic-converters-teslas-theft/536-20a9fddc-bfde-44f7-8f16-307613f23da2,No catalytic converters on electric vehicles,2023-04-13T14:02:00Z,False. Electric cars don’t have catalytic converters.
Electric cars have catalytic converters.,,,WNEP,wnep.com,https://www.wnep.com/article/news/verify/electric-vehicles-verify/electric-cars-no-catalytic-converters-teslas-theft/536-20a9fddc-bfde-44f7-8f16-307613f23da2,No catalytic converters on electric vehicles,2023-04-13T14:02:00Z,False. Electric cars don’t have catalytic converters.
Electric cars have catalytic converters.,,,WTOL,wtol.com,https://www.wtol.com/article/news/verify/electric-vehicles-verify/electric-cars-no-catalytic-converters-teslas-theft/536-20a9fddc-bfde-44f7-8f16-307613f23da2,No catalytic converters on electric vehicles,2023-04-13T14:02:00Z,False. Electric cars don’t have catalytic converters.
Electric cars have catalytic converters.,,,WUSA9,wusa9.com,https://www.wusa9.com/article/news/verify/electric-vehicles-verify/electric-cars-no-catalytic-converters-teslas-theft/536-20a9fddc-bfde-44f7-8f16-307613f23da2,No catalytic converters on electric vehicles,2023-04-13T14:02:00Z,False. Electric cars don’t have catalytic converters.
Electric cars have catalytic converters.,,,WWL-TV,wwltv.com,https://www.wwltv.com/article/news/verify/electric-vehicles-verify/electric-cars-no-catalytic-converters-teslas-theft/536-20a9fddc-bfde-44f7-8f16-307613f23da2,No catalytic converters on electric vehicles,2023-04-13T14:02:00Z,False. Electric cars don’t have catalytic converters.
Electric cars have catalytic converters.,,,12News,12news.com,https://www.12news.com/article/news/verify/electric-vehicles-verify/electric-cars-no-catalytic-converters-teslas-theft/536-20a9fddc-bfde-44f7-8f16-307613f23da2,No catalytic converters on electric vehicles,2023-04-13T14:02:00Z,False. Electric cars don’t have catalytic converters.
Electric cars have catalytic converters.,,,WVEC,13newsnow.com,https://www.13newsnow.com/article/news/verify/electric-vehicles-verify/electric-cars-no-catalytic-converters-teslas-theft/536-20a9fddc-bfde-44f7-8f16-307613f23da2,No catalytic converters on electric vehicles,2023-04-13T14:02:00Z,False. Electric cars don’t have catalytic converters.
Electric cars have catalytic converters.,,,KGW,kgw.com,https://www.kgw.com/article/news/verify/electric-vehicles-verify/electric-cars-no-catalytic-converters-teslas-theft/536-20a9fddc-bfde-44f7-8f16-307613f23da2,No catalytic converters on electric vehicles,2023-04-13T14:02:00Z,False. Electric cars don’t have catalytic converters.
Electric cars have catalytic converters.,,,KVUE,kvue.com,https://www.kvue.com/article/news/verify/electric-vehicles-verify/electric-cars-no-catalytic-converters-teslas-theft/536-20a9fddc-bfde-44f7-8f16-307613f23da2,No catalytic converters on electric vehicles,2023-04-13T14:02:00Z,False. Electric cars don’t have catalytic converters.
Electric cars have catalytic converters.,,,WTSP,wtsp.com,https://www.wtsp.com/article/news/verify/electric-vehicles-verify/electric-cars-no-catalytic-converters-teslas-theft/536-20a9fddc-bfde-44f7-8f16-307613f23da2,No catalytic converters on electric vehicles,2023-04-13T14:02:00Z,False. Electric cars don’t have catalytic converters.
Electric cars have catalytic converters.,,,11Alive.com,11alive.com,https://www.11alive.com/article/news/verify/electric-vehicles-verify/electric-cars-no-catalytic-converters-teslas-theft/536-20a9fddc-bfde-44f7-8f16-307613f23da2,No catalytic converters on electric vehicles,2023-04-13T14:02:00Z,False. Electric cars don’t have catalytic converters.
Electric cars have catalytic converters.,,,KHOU,khou.com,https://www.khou.com/article/news/verify/electric-vehicles-verify/electric-cars-no-catalytic-converters-teslas-theft/536-20a9fddc-bfde-44f7-8f16-307613f23da2,No catalytic converters on electric vehicles,2023-04-13T14:02:00Z,False. Electric cars don’t have catalytic converters.
Electric cars have catalytic converters.,,,KIII,kiiitv.com,https://www.kiiitv.com/article/news/verify/electric-vehicles-verify/electric-cars-no-catalytic-converters-teslas-theft/536-20a9fddc-bfde-44f7-8f16-307613f23da2,No catalytic converters on electric vehicles,2023-04-13T14:02:00Z,False. Electric cars don’t have catalytic converters.
Electric cars have catalytic converters.,,,9News,9news.com,https://www.9news.com/article/news/verify/electric-vehicles-verify/electric-cars-no-catalytic-converters-teslas-theft/536-20a9fddc-bfde-44f7-8f16-307613f23da2,No catalytic converters on electric vehicles,2023-04-13T14:02:00Z,False. Electric cars don’t have catalytic converters.
Electric cars have catalytic converters.,,,ABC10,abc10.com,https://www.abc10.com/article/news/verify/electric-vehicles-verify/electric-cars-no-catalytic-converters-teslas-theft/536-20a9fddc-bfde-44f7-8f16-307613f23da2,No catalytic converters on electric vehicles,2023-04-13T14:02:00Z,False. Electric cars don’t have catalytic converters.
Electric cars have catalytic converters.,,,KENS 5,kens5.com,https://www.kens5.com/article/news/verify/electric-vehicles-verify/electric-cars-no-catalytic-converters-teslas-theft/536-20a9fddc-bfde-44f7-8f16-307613f23da2,No catalytic converters on electric vehicles,2023-04-13T14:02:00Z,False. Electric cars don’t have catalytic converters.
Electric cars have catalytic converters.,,,KING 5,king5.com,https://www.king5.com/article/news/verify/electric-vehicles-verify/electric-cars-no-catalytic-converters-teslas-theft/536-20a9fddc-bfde-44f7-8f16-307613f23da2,No catalytic converters on electric vehicles,2023-04-13T14:02:00Z,False. Electric cars don’t have catalytic converters.
Electric cars have catalytic converters.,,,KARE 11,kare11.com,https://www.kare11.com/article/news/verify/electric-vehicles-verify/electric-cars-no-catalytic-converters-teslas-theft/536-20a9fddc-bfde-44f7-8f16-307613f23da2,No catalytic converters on electric vehicles,2023-04-13T14:02:00Z,False. Electric cars don’t have catalytic converters.
Electric cars have catalytic converters.,,,VERIFYThis.com,verifythis.com,https://www.verifythis.com/article/news/verify/electric-vehicles-verify/electric-cars-no-catalytic-converters-teslas-theft/536-20a9fddc-bfde-44f7-8f16-307613f23da2,No catalytic converters on electric vehicles,2023-04-13T14:02:00Z,False. Electric cars don’t have catalytic converters.
Electric cars have catalytic converters.,,,KFMB Channel 8 | cbs8.com,cbs8.com,https://www.cbs8.com/article/news/verify/electric-vehicles-verify/electric-cars-no-catalytic-converters-teslas-theft/536-20a9fddc-bfde-44f7-8f16-307613f23da2,No catalytic converters on electric vehicles,2023-04-13T14:02:00Z,False. Electric cars don’t have catalytic converters.
Video shows electric vehicle explosion,Social media,2023-03-28T00:00:00Z,USA Today,usatoday.com,https://www.usatoday.com/story/news/factcheck/2023/04/06/fact-check-video-shows-exploding-natural-gas-car-not-ev/11597329002/,Fact check: Video shows exploding compressed natural gas vehicle ...,2023-04-06T14:51:18Z,False
This video shows an electric vehicle exploding in India.,"Facebook,Twitter,Social Media",2023-04-03T14:45:00Z,The Quint,thequint.com,https://www.thequint.com/news/webqoof/video-showing-car-blasting-off-no-from-india-but-uzbekistan-fact-check,This Video Neither Shows an Electric Car Exploding Nor Is It From India,2023-04-03T14:45:00Z,False
A video shows an electric vehicle exploding.,Social media posts,2023-03-28T00:00:00Z,AAP,aap.com.au,https://www.aap.com.au/factcheck/exploding-car-video-fuels-ev-conspiracies/,Exploding car video fuels EV conspiracies,2025-02-07T04:44:05Z,False. The car was fuelled by compressed natural gas and the blast appears to have been caused by an exploding gas canister.
This video shows an electric car blowing up in India.,Social media users,2023-03-31T00:00:00Z,India Today,indiatoday.in,https://www.indiatoday.in/fact-check/story/video-car-fuel-tank-explode-uzbekistan-electric-car-blast-in-india-2354172-2023-03-31,Fact Check: Video of car fuel tank exploding in Uzbekistan falsely shared as electric car blast in India,,False
Photo of electric charging station “powered by diesel generator” is emblematic of the electric vehicle movement.,Facebook post,2023-02-25T00:00:00Z,PolitiFact,politifact.com,https://www.politifact.com/factchecks/2023/feb/28/facebook-posts/gas-powered-generators-not-common-way-recharge-ele/,"Most electric vehicles aren't charged by diesel-powered generators, as posts claim",,Mostly False
Electric cars use as much electricity as home appliances,,,WFAA,wfaa.com,https://www.wfaa.com/article/news/verify/electric-vehicles-verify/electricity-consumption-use-electric-cars-vehicles-evs-vs-home-appliances-refrigerator-water-heater-ac-dishwasher/536-1bc3d7ad-770e-48d8-be87-d41f72269366,Electricity usage: Electric cars vs. home appliances,2023-02-17T00:03:00Z,Needs context. Electricity use is the same between some EVs and appliances
Electric cars use as much electricity as home appliances,,,9News,9news.com,https://www.9news.com/article/news/verify/electric-vehicles-verify/electricity-consumption-use-electric-cars-vehicles-evs-vs-home-appliances-refrigerator-water-heater-ac-dishwasher/536-1bc3d7ad-770e-48d8-be87-d41f72269366,Electricity usage: Electric cars vs. home appliances,2023-02-17T00:03:00Z,Needs context. Electricity use is the same between some EVs and appliances
Electric cars use as much electricity as home appliances,,,KING 5,king5.com,https://www.king5.com/article/news/verify/electric-vehicles-verify/electricity-consumption-use-electric-cars-vehicles-evs-vs-home-appliances-refrigerator-water-heater-ac-dishwasher/536-1bc3d7ad-770e-48d8-be87-d41f72269366,Electricity usage: Electric cars vs. home appliances,2023-02-17T00:03:00Z,Needs context. Electricity use is the same between some EVs and appliances
Electric cars use as much electricity as home appliances,,,VERIFYThis.com,verifythis.com,https://www.verifythis.com/article/news/verify/electric-vehicles-verify/electricity-consumption-use-electric-cars-vehicles-evs-vs-home-appliances-refrigerator-water-heater-ac-dishwasher/536-1bc3d7ad-770e-48d8-be87-d41f72269366,Electricity usage: Electric cars vs. home appliances,2023-02-17T00:03:00Z,Needs context. Electricity use is the same between some EVs and appliances
Wyoming banned the sale of electric vehicles starting in 2035,Social media,2023-01-18T00:00:00Z,USA Today,usatoday.com,https://www.usatoday.com/story/news/factcheck/2023/01/27/https-www-facebook-com-brittany-boling-90-posts-pfbid-02-iyvoebcw-3-gvxusygsgf-7-lg-4-qqzu-14-khevw/11127562002/,Fact check: False claim Wyoming banned the sale of electric vehicles by 2035,2023-01-27T14:31:43Z,False
Wyoming is banning electric cars.,,,KHOU,khou.com,https://www.khou.com/article/news/verify/environment-verify/wyoming-not-banning-electric-vehicles-fact-check/536-a1b22240-7cff-4ee3-b0ab-6dd106f497ba,Electric vehicles are not banned in Wyoming,2023-01-19T00:32:00Z,"False, Wyoming is not banning electric cars."
Wyoming is banning electric cars.,,,KSDK,ksdk.com,https://www.ksdk.com/article/news/verify/environment-verify/wyoming-not-banning-electric-vehicles-fact-check/536-a1b22240-7cff-4ee3-b0ab-6dd106f497ba,Electric vehicles are not banned in Wyoming | ksdk.com,2023-01-19T00:32:00Z,"False, Wyoming is not banning electric cars."
Wyoming is banning electric cars.,,,KTVB,ktvb.com,https://www.ktvb.com/article/news/verify/environment-verify/wyoming-not-banning-electric-vehicles-fact-check/536-a1b22240-7cff-4ee3-b0ab-6dd106f497ba,Electric vehicles are not banned in Wyoming | ktvb.com,2023-01-19T00:32:00Z,"False, Wyoming is not banning electric cars."
Wyoming is banning electric cars.,,,WFAA,wfaa.com,https://www.wfaa.com/article/news/verify/environment-verify/wyoming-not-banning-electric-vehicles-fact-check/536-a1b22240-7cff-4ee3-b0ab-6dd106f497ba,Electric vehicles are not banned in Wyoming | wfaa.com,2023-01-19T00:32:00Z,"False, Wyoming is not banning electric cars."
Wyoming is banning electric cars.,,,ABC10,abc10.com,https://www.abc10.com/article/news/verify/environment-verify/wyoming-not-banning-electric-vehicles-fact-check/536-a1b22240-7cff-4ee3-b0ab-6dd106f497ba,Electric vehicles are not banned in Wyoming | abc10.com,2023-01-19T00:32:00Z,"False, Wyoming is not banning electric cars."
Wyoming is banning electric cars.,,,FOX 61,fox61.com,https://www.fox61.com/article/news/verify/environment-verify/wyoming-not-banning-electric-vehicles-fact-check/536-a1b22240-7cff-4ee3-b0ab-6dd106f497ba,Electric vehicles are not banned in Wyoming | fox61.com,2023-01-19T00:32:00Z,"False, Wyoming is not banning electric cars."
Wyoming is banning electric cars.,,,KBMT,12newsnow.com,https://www.12newsnow.com/article/news/verify/environment-verify/wyoming-not-banning-electric-vehicles-fact-check/536-a1b22240-7cff-4ee3-b0ab-6dd106f497ba,Electric vehicles are not banned in Wyoming | 12newsnow.com,2023-01-19T00:32:00Z,"False, Wyoming is not banning electric cars."
Wyoming is banning electric cars.,,,KARE 11,kare11.com,https://www.kare11.com/article/news/verify/environment-verify/wyoming-not-banning-electric-vehicles-fact-check/536-a1b22240-7cff-4ee3-b0ab-6dd106f497ba,Electric vehicles are not banned in Wyoming | kare11.com,2023-01-19T00:32:00Z,"False, Wyoming is not banning electric cars."
Wyoming is banning electric cars.,,,thv11.com,thv11.com,https://www.thv11.com/article/news/verify/environment-verify/wyoming-not-banning-electric-vehicles-fact-check/536-a1b22240-7cff-4ee3-b0ab-6dd106f497ba,Electric vehicles are not banned in Wyoming,2023-01-19T00:32:00Z,"False, Wyoming is not banning electric cars."
Wyoming is banning electric cars.,,,WCNC,wcnc.com,https://www.wcnc.com/article/news/verify/environment-verify/wyoming-not-banning-electric-vehicles-fact-check/536-a1b22240-7cff-4ee3-b0ab-6dd106f497ba,Electric vehicles are not banned in Wyoming | wcnc.com,2023-01-19T00:32:00Z,"False, Wyoming is not banning electric cars."
Wyoming is banning electric cars.,,,CBS19,cbs19.tv,https://www.cbs19.tv/article/news/verify/environment-verify/wyoming-not-banning-electric-vehicles-fact-check/536-a1b22240-7cff-4ee3-b0ab-6dd106f497ba,Electric vehicles are not banned in Wyoming | cbs19.tv,2023-01-19T00:32:00Z,"False, Wyoming is not banning electric cars."
Wyoming is banning electric cars.,,,WHAS11 News,whas11.com,https://www.whas11.com/article/news/verify/environment-verify/wyoming-not-banning-electric-vehicles-fact-check/536-a1b22240-7cff-4ee3-b0ab-6dd106f497ba,Electric vehicles are not banned in Wyoming | whas11.com,2023-01-19T00:32:00Z,"False, Wyoming is not banning electric cars."
Wyoming is banning electric cars.,,,VERIFYThis.com,verifythis.com,https://www.verifythis.com/article/news/verify/environment-verify/wyoming-not-banning-electric-vehicles-fact-check/536-a1b22240-7cff-4ee3-b0ab-6dd106f497ba,Electric vehicles are not banned in Wyoming,2023-01-19T00:32:00Z,"False, Wyoming is not banning electric cars."
Switzerland is banning electric cars 'due to their excessive energy usage',Social media,2022-12-05T00:00:00Z,USA Today,usatoday.com,https://www.usatoday.com/story/news/factcheck/2022/12/16/fact-check-false-claim-switzerland-banning-electric-cars/10894964002/,Fact check: False claim that Switzerland is banning electric cars,2022-12-16T22:19:31Z,False
An electric vehicle charging point in the Nullarbor is powered by diesel.,"Craig ""Macca"" McGowan",2022-11-19T00:00:00Z,AAP,aap.com.au,https://www.aap.com.au/factcheck/maccas-diesel-charger-claim-is-running-on-empty/,Macca's diesel charger claim is running on empty,2025-02-07T05:33:51Z,Mostly false. The EV charger in the video is fuelled by used cooking oil for the majority of the year.
False memes about Paris electric car graveyards,,,KTVB,ktvb.com,https://www.ktvb.com/article/news/verify/electric-vehicles-verify/fact-checking-images-claiming-to-show-abandoned-electric-vehicles-in-france/536-7cf539e1-6bb0-4c4e-957b-170f367341df,Fact-checking claims about Paris electric car graveyards,2022-10-17T16:17:00Z,False
False memes about Paris electric car graveyards,,,KVUE,kvue.com,https://www.kvue.com/article/news/verify/electric-vehicles-verify/fact-checking-images-claiming-to-show-abandoned-electric-vehicles-in-france/536-7cf539e1-6bb0-4c4e-957b-170f367341df,Fact-checking claims about Paris electric car graveyards,2022-10-17T16:17:00Z,False
False memes about Paris electric car graveyards,,,WGRZ,wgrz.com,https://www.wgrz.com/article/news/verify/electric-vehicles-verify/fact-checking-images-claiming-to-show-abandoned-electric-vehicles-in-france/536-7cf539e1-6bb0-4c4e-957b-170f367341df,Fact-checking claims about Paris electric car graveyards,2022-10-17T16:17:00Z,False
False memes about Paris electric car graveyards,,,WKYC,wkyc.com,https://www.wkyc.com/article/news/verify/electric-vehicles-verify/fact-checking-images-claiming-to-show-abandoned-electric-vehicles-in-france/536-7cf539e1-6bb0-4c4e-957b-170f367341df,Fact-checking claims about Paris electric car graveyards,2022-10-17T16:17:00Z,False
False memes about Paris electric car graveyards,,,WTOL,wtol.com,https://www.wtol.com/article/news/verify/electric-vehicles-verify/fact-checking-images-claiming-to-show-abandoned-electric-vehicles-in-france/536-7cf539e1-6bb0-4c4e-957b-170f367341df,Fact-checking claims about Paris electric car graveyards,2022-10-17T16:17:00Z,False
False memes about Paris electric car graveyards,,,12News,12news.com,https://www.12news.com/article/news/verify/electric-vehicles-verify/fact-checking-images-claiming-to-show-abandoned-electric-vehicles-in-france/536-7cf539e1-6bb0-4c4e-957b-170f367341df,Fact-checking claims about Paris electric car graveyards,2022-10-17T16:17:00Z,False
False memes about Paris electric car graveyards,,,KBMT,12newsnow.com,https://www.12newsnow.com/article/news/verify/electric-vehicles-verify/fact-checking-images-claiming-to-show-abandoned-electric-vehicles-in-france/536-7cf539e1-6bb0-4c4e-957b-170f367341df,Fact-checking claims about Paris electric car graveyards,2022-10-17T16:17:00Z,False
False memes about Paris electric car graveyards,,,WVEC,13newsnow.com,https://www.13newsnow.com/article/news/verify/electric-vehicles-verify/fact-checking-images-claiming-to-show-abandoned-electric-vehicles-in-france/536-7cf539e1-6bb0-4c4e-957b-170f367341df,Fact-checking claims about Paris electric car graveyards,2022-10-17T16:17:00Z,False
False memes about Paris electric car graveyards,,,KHOU,khou.com,https://www.khou.com/article/news/verify/electric-vehicles-verify/fact-checking-images-claiming-to-show-abandoned-electric-vehicles-in-france/536-7cf539e1-6bb0-4c4e-957b-170f367341df,Fact-checking claims about Paris electric car graveyards,2022-10-17T16:17:00Z,False
False memes about Paris electric car graveyards,,,WCNC,wcnc.com,https://www.wcnc.com/article/news/verify/electric-vehicles-verify/fact-checking-images-claiming-to-show-abandoned-electric-vehicles-in-france/536-7cf539e1-6bb0-4c4e-957b-170f367341df,Fact-checking claims about Paris electric car graveyards,2022-10-17T16:17:00Z,False
False memes about Paris electric car graveyards,,,KCEN-TV,kcentv.com,https://www.kcentv.com/article/news/verify/electric-vehicles-verify/fact-checking-images-claiming-to-show-abandoned-electric-vehicles-in-france/536-7cf539e1-6bb0-4c4e-957b-170f367341df,Fact-checking claims about Paris electric car graveyards,2022-10-17T16:17:00Z,False
False memes about Paris electric car graveyards,,,VERIFYThis.com,verifythis.com,https://www.verifythis.com/article/news/verify/electric-vehicles-verify/fact-checking-images-claiming-to-show-abandoned-electric-vehicles-in-france/536-7cf539e1-6bb0-4c4e-957b-170f367341df,Fact-checking claims about Paris electric car graveyards,2022-10-17T16:17:00Z,False
The photo shows a cemetery of electric cars in France. No one wants to buy them because their batteries are damaged.,Various,2022-10-18T00:00:00Z,Fakenews.pl,fakenews.pl,https://fakenews.pl/en/tech/abandoned-electric-cars-in-france-no-this-is-china/,"Abandoned electric cars in France? No, this is China",2022-10-19T00:00:00Z,False
A photograph shows hundreds of white electric cars that were abandoned in France because the cost of replacing the batteries was too expensive.,,,Snopes,snopes.com,https://www.snopes.com/fact-check/electric-cars-france-battery/,"Photo Doesn't Show Electric Cars in France, Nor Were They Abandoned Due to Battery Replacement Costs",2022-10-13T08:31:03Z,Miscaptioned
Full charge at public electric vehicle station costs more than $150,Social media,2022-08-30T00:00:00Z,USA Today,usatoday.com,https://www.usatoday.com/story/news/factcheck/2022/09/13/fact-check-ev-charge-takes-less-than-hour-fast-chargers-electric-vehicle/7969071001/,Fact check: EV charge takes less than an hour on fast chargers,2022-09-13T15:35:35Z,False
Manufacturing the battery for one electric car produces the same amount of CO2 as running a petrol car for 8 years.,,2022-09-05T00:00:00Z,Climate Fact Checks,climatefactchecks.org,https://climatefactchecks.org/co2-emitted-in-making-an-ev-battery-isnt-equal-to-driving-a-petrol-car-for-8-years/,CO2 emitted in making an EV battery isn't equal to driving a petrol ...,2022-09-05T00:00:00Z,Misleading
"Photo shows sea of abandoned electric cars in France because ""it was too expensive to replace the batteries.""",Facebook post,2022-08-07T00:00:00Z,FactCheck.org,factcheck.org,https://www.factcheck.org/2022/08/photo-shows-electric-car-sharing-lot-in-china-contrary-to-facebook-post/,"Photo Shows Electric Car-sharing Lot in China, Contrary to Facebook Post",,False
Electric cars in California are not sustainable as only 10% of their batteries are recyclable and the state can’t recycle them.,Instagram post,2022-06-09T00:00:00Z,PolitiFact,politifact.com,https://www.politifact.com/factchecks/2022/aug/11/instagram-posts/video-underestimates-californias-capacity-accommod/,Video underestimates California’s capacity to accommodate electric ...,,False
Photo shows electric cars that were bought for civil servants in France and then abandoned because “it was too expensive to replace the batteries.”,Viral image,2022-08-07T00:00:00Z,PolitiFact,politifact.com,https://www.politifact.com/factchecks/2022/aug/10/viral-image/no-photo-doesnt-show-abandoned-french-electric-car/,"No, this photo doesn’t show abandoned French electric cars",,False
"""""And no one in the world is making an electric ute, by the way ...""",Sussan Ley,2022-08-26T00:00:00Z,ABC News,abc.net.au,https://www.abc.net.au/news/2022-08-30/fact-check-sussan-ley-electric-ute/101386412,Sussan Ley says no one in the world is making an electric ute. Is that ...,2022-08-30T00:00:00Z,Wrong
"Electric car batteries ""completely die"" in cold or hot weather",Multiple people,2022-07-28T00:00:00Z,AFP Fact Check,factcheck.afp.com,https://factcheck.afp.com/doc.afp.com.32FT9B2,"Misleading claims about weather, electric vehicles spread online",2022-08-03T17:30:00Z,Misleading
You can’t extinguish an electric vehicle (EV) fire as water makes their batteries burn.,Facebook post,2022-07-12T00:00:00Z,AAP,aap.com.au,https://www.aap.com.au/factcheck/electric-vehicle-battery-fire-claim-is-as-weak-as-water/,Electric vehicle battery fire claim is as weak as water,2025-02-07T07:04:12Z,False. Experts says EV battery fires can be put out with water or specialised fire extinguishers.
Volvo data says it takes a decade for EVs to become 'carbon neutral',,2022-05-16T00:00:00Z,USA Today,usatoday.com,https://www.usatoday.com/story/news/factcheck/2022/06/09/fact-check-electric-vehicles-emit-less-carbon-over-life-than-gas-cars/9900644002/,Fact check: Electric vehicles emit less carbon over life than gas cars,2022-06-09T21:55:14Z,Missing Context
A township electric vehicle charging station is powered with a diesel generator,Facebook post,2022-05-09T23:34:00Z,Lead Stories,leadstories.com,https://leadstories.com/hoax-alert/2022/05/fact-check-canadian-ev-charging-station-is-not-powered-with-diesel-generator.html,Fact Check: Canadian EV Charging Station Is NOT Powered With Diesel Generator -- Proximity In Photo Is Coincidental,2022-05-09T23:34:00Z,Not Connected
Electric vehicles are more harmful to the environment,Multiple sources,2022-04-21T00:00:00Z,AFP Fact Check,factcheck.afp.com,https://factcheck.afp.com/doc.afp.com.328N2RY,Posts mislead about environmental impact of electric cars,2022-05-08T10:24:00Z,Missing context
“I’m all for electric cars. I’ve given big incentives for electric cars.”,Donald Trump,2020-09-29T00:00:00Z,The Washington Post,washingtonpost.com,https://www.washingtonpost.com/politics/2020/10/01/fact-checking-first-trump-biden-presidential-debate-part-2/,Analysis | Fact-checking the first Trump-Biden presidential debate (part 2),2020-10-02T13:00:17Z,False
"Electric cars in US are coal-powered, not helpful in lowering emissions",Multiple sources,2022-01-25T00:00:00Z,AFP Fact Check,factcheck.afp.com,https://factcheck.afp.com/doc.afp.com.9ZD7BV,Misleading posts criticize electric cars over coal-produced power,2022-02-11T17:51:00Z,Misleading
"Electric cars were used 100 years ago, then technology was lost",Social media users,2021-10-06T00:00:00Z,USA Today,usatoday.com,https://www.usatoday.com/story/news/factcheck/2021/10/18/fact-check-cost-access-drove-decline-electric-cars-early-1900-s/6055786001/,"Fact check: Cost, access drove decline of electric cars in early 1900s",2021-10-18T16:44:59Z,Partly False
"Photographs show a ""boneyard"" of electric vehicles abandoned because their battery storage cells gave out.",,,Snopes,snopes.com,https://www.snopes.com/fact-check/electric-cars-abandoned-france/,Were These Electric Cars Abandoned Because Their Batteries Failed?,2021-05-16T13:55:25Z,Miscaptioned
Switzerland planning to ban electric cars to save power,Multiple sources,2022-12-05T00:00:00Z,AFP Fact Check,factcheck.afp.com,https://factcheck.afp.com/doc.afp.com.334V8PH,Claim that Switzerland planning to 'ban electric cars' misleads online,2022-12-22T08:46:00Z,Missing context
Switzerland is banning electric cars 'due to their excessive energy usage',Social media,2022-12-05T00:00:00Z,USA Today,usatoday.com,https://www.usatoday.com/story/news/factcheck/2022/12/16/fact-check-false-claim-switzerland-banning-electric-cars/10894964002/,Fact check: False claim that Switzerland is banning electric cars,2022-12-16T22:19:31Z,False
Switzerland banned electric vehicles in their country,SOCIAL MEDIA POST,2022-12-05T00:00:00Z,FACTLY,factly.in,https://factly.in/switzerland-has-not-yet-enforced-a-ban-on-evs-it-just-drafted-an-ordinance-proposing-a-partial-ban-on-evs-amid-the-power-crisis/,Switzerland has not yet enforced a ban on EVs; it just drafted an ordinance proposing a partial ban on EVs amid the power crisis,2022-12-09T00:00:00Z,MISLEADING
Switzerland is banning Electric Cars due to their excessive energy use,facebook.com,2022-12-08T21:24:00Z,Lead Stories,leadstories.com,https://leadstories.com/hoax-alert/2022/12/fact-check-switzerland-did-not-ban-electric-cars-due-to-their-excessive-energy-use.html,"Fact Check: Switzerland Did NOT Ban 'Electric Cars Due To Their Excessive Energy Use' On December 7, 2022",2022-12-08T21:24:00Z,No Ban
A video shows a sea of lined-up electric scooter bikes that were abandoned because of the high cost of EV battery replacement.,,,Snopes,snopes.com,https://www.snopes.com/fact-check/electric-scooter-bike-abandoned-graveyard/,Video Does Not Show Electric Scooter Bikes Abandoned in a 'Graveyard' Due to High Cost of Batteries,2022-11-30T10:46:28Z,Miscaptioned
An electric vehicle charging point in the Nullarbor is powered by diesel.,"Craig ""Macca"" McGowan",2022-11-19T00:00:00Z,AAP,aap.com.au,https://www.aap.com.au/factcheck/maccas-diesel-charger-claim-is-running-on-empty/,Macca's diesel charger claim is running on empty,2025-02-07T05:33:51Z,Mostly false. The EV charger in the video is fuelled by used cooking oil for the majority of the year.
False memes about Paris electric car graveyards,,,KTVB,ktvb.com,https://www.ktvb.com/article/news/verify/electric-vehicles-verify/fact-checking-images-claiming-to-show-abandoned-electric-vehicles-in-france/536-7cf539e1-6bb0-4c4e-957b-170f367341df,Fact-checking claims about Paris electric car graveyards,2022-10-17T16:17:00Z,False
False memes about Paris electric car graveyards,,,KVUE,kvue.com,https://www.kvue.com/article/news/verify/electric-vehicles-verify/fact-checking-images-claiming-to-show-abandoned-electric-vehicles-in-france/536-7cf539e1-6bb0-4c4e-957b-170f367341df,Fact-checking claims about Paris electric car graveyards,2022-10-17T16:17:00Z,False
False memes about Paris electric car graveyards,,,WGRZ,wgrz.com,https://www.wgrz.com/article/news/verify/electric-vehicles-verify/fact-checking-images-claiming-to-show-abandoned-electric-vehicles-in-france/536-7cf539e1-6bb0-4c4e-957b-170f367341df,Fact-checking claims about Paris electric car graveyards,2022-10-17T16:17:00Z,False
False memes about Paris electric car graveyards,,,WKYC,wkyc.com,https://www.wkyc.com/article/news/verify/electric-vehicles-verify/fact-checking-images-claiming-to-show-abandoned-electric-vehicles-in-france/536-7cf539e1-6bb0-4c4e-957b-170f367341df,Fact-checking claims about Paris electric car graveyards,2022-10-17T16:17:00Z,False
False memes about Paris electric car graveyards,,,WTOL,wtol.com,https://www.wtol.com/article/news/verify/electric-vehicles-verify/fact-checking-images-claiming-to-show-abandoned-electric-vehicles-in-france/536-7cf539e1-6bb0-4c4e-957b-170f367341df,Fact-checking claims about Paris electric car graveyards,2022-10-17T16:17:00Z,False
False memes about Paris electric car graveyards,,,12News,12news.com,https://www.12news.com/article/news/verify/electric-vehicles-verify/fact-checking-images-claiming-to-show-abandoned-electric-vehicles-in-france/536-7cf539e1-6bb0-4c4e-957b-170f367341df,Fact-checking claims about Paris electric car graveyards,2022-10-17T16:17:00Z,False
False memes about Paris electric car graveyards,,,KBMT,12newsnow.com,https://www.12newsnow.com/article/news/verify/electric-vehicles-verify/fact-checking-images-claiming-to-show-abandoned-electric-vehicles-in-france/536-7cf539e1-6bb0-4c4e-957b-170f367341df,Fact-checking claims about Paris electric car graveyards,2022-10-17T16:17:00Z,False
False memes about Paris electric car graveyards,,,WVEC,13newsnow.com,https://www.13newsnow.com/article/news/verify/electric-vehicles-verify/fact-checking-images-claiming-to-show-abandoned-electric-vehicles-in-france/536-7cf539e1-6bb0-4c4e-957b-170f367341df,Fact-checking claims about Paris electric car graveyards,2022-10-17T16:17:00Z,False
False memes about Paris electric car graveyards,,,KHOU,khou.com,https://www.khou.com/article/news/verify/electric-vehicles-verify/fact-checking-images-claiming-to-show-abandoned-electric-vehicles-in-france/536-7cf539e1-6bb0-4c4e-957b-170f367341df,Fact-checking claims about Paris electric car graveyards,2022-10-17T16:17:00Z,False
False memes about Paris electric car graveyards,,,WCNC,wcnc.com,https://www.wcnc.com/article/news/verify/electric-vehicles-verify/fact-checking-images-claiming-to-show-abandoned-electric-vehicles-in-france/536-7cf539e1-6bb0-4c4e-957b-170f367341df,Fact-checking claims about Paris electric car graveyards,2022-10-17T16:17:00Z,False
False memes about Paris electric car graveyards,,,KCEN-TV,kcentv.com,https://www.kcentv.com/article/news/verify/electric-vehicles-verify/fact-checking-images-claiming-to-show-abandoned-electric-vehicles-in-france/536-7cf539e1-6bb0-4c4e-957b-170f367341df,Fact-checking claims about Paris electric car graveyards,2022-10-17T16:17:00Z,False
False memes about Paris electric car graveyards,,,VERIFYThis.com,verifythis.com,https://www.verifythis.com/article/news/verify/electric-vehicles-verify/fact-checking-images-claiming-to-show-abandoned-electric-vehicles-in-france/536-7cf539e1-6bb0-4c4e-957b-170f367341df,Fact-checking claims about Paris electric car graveyards,2022-10-17T16:17:00Z,False
The photo shows a cemetery of electric cars in France. No one wants to buy them because their batteries are damaged.,Various,2022-10-18T00:00:00Z,Fakenews.pl,fakenews.pl,https://fakenews.pl/en/tech/abandoned-electric-cars-in-france-no-this-is-china/,"Abandoned electric cars in France? No, this is China",2022-10-19T00:00:00Z,False
A photograph shows hundreds of white electric cars that were abandoned in France because the cost of replacing the batteries was too expensive.,,,Snopes,snopes.com,https://www.snopes.com/fact-check/electric-cars-france-battery/,"Photo Doesn't Show Electric Cars in France, Nor Were They Abandoned Due to Battery Replacement Costs",2022-10-13T08:31:03Z,Miscaptioned
Full charge at public electric vehicle station costs more than $150,Social media,2022-08-30T00:00:00Z,USA Today,usatoday.com,https://www.usatoday.com/story/news/factcheck/2022/09/13/fact-check-ev-charge-takes-less-than-hour-fast-chargers-electric-vehicle/7969071001/,Fact check: EV charge takes less than an hour on fast chargers,2022-09-13T15:35:35Z,False
Manufacturing the battery for one electric car produces the same amount of CO2 as running a petrol car for 8 years.,,2022-09-05T00:00:00Z,Climate Fact Checks,climatefactchecks.org,https://climatefactchecks.org/co2-emitted-in-making-an-ev-battery-isnt-equal-to-driving-a-petrol-car-for-8-years/,CO2 emitted in making an EV battery isn't equal to driving a petrol car for 8 years,2022-09-05T00:00:00Z,Misleading
"Photo shows sea of abandoned electric cars in France because ""it was too expensive to replace the batteries.""",Facebook post,2022-08-07T00:00:00Z,FactCheck.org,factcheck.org,https://www.factcheck.org/2022/08/photo-shows-electric-car-sharing-lot-in-china-contrary-to-facebook-post/,"Photo Shows Electric Car-sharing Lot in China, Contrary to Facebook Post",,False
Electric cars in California are not sustainable as only 10% of their batteries are recyclable and the state can’t recycle them.,Instagram post,2022-06-09T00:00:00Z,PolitiFact,politifact.com,https://www.politifact.com/factchecks/2022/aug/11/instagram-posts/video-underestimates-californias-capacity-accommod/,Video underestimates California’s capacity to accommodate electric cars and recycle their batteries,,False
Photo shows electric cars that were bought for civil servants in France and then abandoned because “it was too expensive to replace the batteries.”,Viral image,2022-08-07T00:00:00Z,PolitiFact,politifact.com,https://www.politifact.com/factchecks/2022/aug/10/viral-image/no-photo-doesnt-show-abandoned-french-electric-car/,"No, this photo doesn’t show abandoned French electric cars",,False
"""""And no one in the world is making an electric ute, by the way ...""",Sussan Ley,2022-08-26T00:00:00Z,ABC News,abc.net.au,https://www.abc.net.au/news/2022-08-30/fact-check-sussan-ley-electric-ute/101386412,Sussan Ley says no one in the world is making an electric ute. Is that ...,2022-08-30T00:00:00Z,Wrong
"Electric car batteries ""completely die"" in cold or hot weather",Multiple people,2022-07-28T00:00:00Z,AFP Fact Check,factcheck.afp.com,https://factcheck.afp.com/doc.afp.com.32FT9B2,"Misleading claims about weather, electric vehicles spread online",2022-08-03T17:30:00Z,Misleading
Diesel generator is powering an electric vehicle charger at the El Paso International Airport,Facebook,2022-08-01T22:33:00Z,Lead Stories,leadstories.com,https://leadstories.com/hoax-alert/2022/08/fact-check-diesel-generator-at-el-paso-airport-is-not-powering-ev-charging-station.html,Fact Check: Diesel Generator At El Paso Airport Is NOT Powering EV Charging Station,2022-08-01T22:33:00Z,Not Connected
You can’t extinguish an electric vehicle (EV) fire as water makes their batteries burn.,Facebook post,2022-07-12T00:00:00Z,AAP,aap.com.au,https://www.aap.com.au/factcheck/electric-vehicle-battery-fire-claim-is-as-weak-as-water/,Electric vehicle battery fire claim is as weak as water,2025-02-07T07:04:12Z,False. Experts says EV battery fires can be put out with water or specialised fire extinguishers.
Volvo data says it takes a decade for EVs to become 'carbon neutral',,2022-05-16T00:00:00Z,USA Today,usatoday.com,https://www.usatoday.com/story/news/factcheck/2022/06/09/fact-check-electric-vehicles-emit-less-carbon-over-life-than-gas-cars/9900644002/,Fact check: Electric vehicles emit less carbon over life than gas cars,2022-06-09T21:55:14Z,Missing Context
A township electric vehicle charging station is powered with a diesel generator,Facebook post,2022-05-09T23:34:00Z,Lead Stories,leadstories.com,https://leadstories.com/hoax-alert/2022/05/fact-check-canadian-ev-charging-station-is-not-powered-with-diesel-generator.html,Fact Check: Canadian EV Charging Station Is NOT Powered With Diesel Generator -- Proximity In Photo Is Coincidental,2022-05-09T23:34:00Z,Not Connected
Electric vehicles are more harmful to the environment,Multiple sources,2022-04-21T00:00:00Z,AFP Fact Check,factcheck.afp.com,https://factcheck.afp.com/doc.afp.com.328N2RY,Posts mislead about environmental impact of electric cars,2022-05-08T10:24:00Z,Missing context
EV charging station in Canada is powered by diesel generator,Multiple people,2022-05-07T00:00:00Z,AFP Fact Check,factcheck.afp.com,https://factcheck.afp.com/doc.afp.com.329W2VM,Canada EV charging station not powered by diesel generator,2022-05-12T16:08:00Z,Misleading
"U.S. Transportation Secretary Pete Buttigieg said families that buy electric vehicles (EVs) will ""never have to worry about gas prices again.""",,,Snopes,snopes.com,https://www.snopes.com/fact-check/buttigieg-electric-cars-gas-prices/,"Yes, Pete Buttigieg Said Families Who Buy Electric Cars 'Never Have To Worry about Gas Prices Again'",2021-11-30T04:34:00Z,Correct Attribution
"“This one here has subsidies for people making as much as $800,000 to be able to buy a Tesla.”",Chris Jacobs,2021-11-20T00:00:00Z,PolitiFact,politifact.com,https://www.politifact.com/factchecks/2021/nov/26/chris-jacobs/jacobs-overstates-income-eligibility-electric-vehi/,Jacobs overstates income eligibility for electric vehicle tax credit,,Mostly False
"A fake tweet claims Rep. Alexandria Ocasio-Cortez said: ""I see people are rushing out to fill up their cars for this hurricane at the gas station This wouldn’t be an issue if they had electric cars.""",Viral meme,2019-08-30T00:00:00Z,FactCheck.org,factcheck.org,https://www.factcheck.org/2019/09/phony-tweet-targets-aoc/,Phony Tweet Targets AOC,,False
"""Well, there it is. A gas generator being used to charge the dead battery in an electric car. My day is complete.""",Viral image,2021-11-08T00:00:00Z,PolitiFact,politifact.com,https://www.politifact.com/article/2021/nov/12/image-mocks-tesla-recharging-generator-heres-what-/,Image mocks a Tesla recharging with a generator. Here’s what it doesn’t show.,,Missing context.
Photos show electric cars discarded in a garbage dump after batteries failed,Social media users,2021-12-25T00:00:00Z,USA Today,usatoday.com,https://www.usatoday.com/story/news/factcheck/2022/01/10/fact-check-electric-vehicles-stored-when-rideshare-service-failed/9105813002/,Fact check: Electric vehicles stored when rideshare service failed,2022-01-11T00:06:36Z,False
Zimbabwean man invents electric car that doesn't need charging,social media users,2018-10-29T19:36:43Z,AP News,apnews.com,https://apnews.com/article/archive-fact-checking-2447122903,Electric car that doesn't need a charge was not invented by Zimbabwean man,,False
An electric car can self-charge as it drives by attaching a generator to the wheel to harness the energy as it spins.,Public,2021-11-09T00:00:00Z,Full Fact,fullfact.org,https://fullfact.org/online/electric-car-generator-wheel/,You can’t recharge an electric car by attaching a generator to the wheel – Full Fact,2021-11-11T00:00:00Z,"This is not true, and breaks two major laws of physics. An electric car battery would deplete whether or not you attach a generator to the wheel."
"A photograph shows an electric car charging at a diesel generator, which uses 36 gallons to provide a 200-mile charge.",,,Snopes,snopes.com,https://www.snopes.com/fact-check/diesel-car-charging-station/,Is This a 'Diesel Car Charging Station' for Electric Cars?,2021-07-12T03:03:43Z,Mixture
A photograph shows an electric car charging in 1905.,,,Snopes,snopes.com,https://www.snopes.com/fact-check/electric-car-1905/,FACT CHECK: Is this Really an Electric Car From 1905?,2017-07-10T05:26:33Z,Mostly True
Says photos show a “boneyard” of electric cars abandoned in France because the cars’ batteries were too expensive to replace.,Facebook posts,2021-05-16T00:00:00Z,PolitiFact,politifact.com,https://www.politifact.com/factchecks/2021/may/17/facebook-posts/no-electric-cars-werent-abandoned-because-batterie/,"No, electric cars weren’t dumped due to costly batteries",,False
Japanese auto makers developed an electric car in 1949 that could travel 200km on a single charge.,,,Snopes,snopes.com,https://www.snopes.com/fact-check/japanese-electric-car-200km-single-charge/,Did Japanese Car Makers Develop Electric Car in 1949 That Could Go 200km on Single Charge?,2022-04-18T08:39:55Z,Mostly True
"""[An electric vehicle] won't tow your trailer. It's not going to tow your boat. It's not going to get you out to your favourite camping spot with your family.""",Scott Morrison,2019-04-06T00:00:00Z,ABC News,abc.net.au,https://www.abc.net.au/news/2019-05-10/federal-election-fact-check-electric-vehicle-tow-boat/11078464,Scott Morrison says an electric vehicle can't tow a boat. Is he correct?,2019-05-10T00:00:00Z,Needs a tune up
"Electric cars were used 100 years ago, then technology was lost",Social media users,2021-10-06T00:00:00Z,USA Today,usatoday.com,https://www.usatoday.com/story/news/factcheck/2021/10/18/fact-check-cost-access-drove-decline-electric-cars-early-1900-s/6055786001/,"Fact check: Cost, access drove decline of electric cars in early 1900s",2021-10-18T16:44:59Z,Partly False
"An electric vehicle charger in Round Rock, TX runs on a diesel generator, which means that EVs only get about 5.6 miles per gallon.",Qualityquilts,2021-07-26T02:52:00Z,,misbar.com,https://misbar.com/en/factcheck/2021/07/27/round-rock-tx-ev-charger-is-not-diesel-powered,Round Rock TX EV Charger Is Not Diesel Powered | Misbar,2021-07-26T02:52:00Z,Fake
"Photographs show a ""boneyard"" of electric vehicles abandoned because their battery storage cells gave out.",,,Snopes,snopes.com,https://www.snopes.com/fact-check/electric-cars-abandoned-france/,Were These Electric Cars Abandoned Because Their Batteries Failed?,2021-05-16T13:55:25Z,Miscaptioned
A diesel generator is powering an electric vehicle charger,Multiple,2021-11-15T00:00:00Z,AFP Fact Check,factcheck.afp.com,https://factcheck.afp.com/doc.afp.com.9TB2YB,Electric vehicle charging station not powered by diesel generator,2021-11-24T21:32:00Z,False
Electric vehicles “do not expend any pollution into the air.”,Joe Biden,2021-10-28T00:00:00Z,FactCheck.org,factcheck.org,https://www.factcheck.org/2021/10/biden-spins-facts-on-framework/,Biden Spins Facts on Framework,2021-10-28T23:03:54Z,Not the Whole Story
“I’m all for electric cars. I’ve given big incentives for electric cars.”,Donald Trump,2020-09-29T00:00:00Z,The Washington Post,washingtonpost.com,https://www.washingtonpost.com/politics/2020/10/01/fact-checking-first-trump-biden-presidential-debate-part-2/,Analysis | Fact-checking the first Trump-Biden presidential debate (part 2),2020-10-02T13:00:17Z,False
Replacing all U.S. gas stations with EV chargers is prohibitively expensive,Social media,2022-01-16T00:00:00Z,USA Today,usatoday.com,https://www.usatoday.com/story/news/factcheck/2022/02/11/fact-check-ev-transition-doesnt-need-converting-all-gas-stations/9244108002/,Fact check: EV transition doesn't mean converting all US gas stations,2022-02-11T19:47:49Z,Partly False
New Study Confirms EVs Considerably Worse For Climate Than Diesel Cars,Anonymous,2019-04-22T00:00:00Z,Science Feedback,science.feedback.org,https://science.feedback.org/review/claim-that-electric-vehicles-cause-more-carbon-emissions-than-diesel-misrepresents-reality/,Claim that electric vehicles cause more carbon emissions than diesel misrepresents reality,2019-04-22T00:00:00Z,Inaccurate
a field full of electric cars abandoned because of failed and irreparable batteries,facebook.com,2021-05-18T18:00:00Z,Lead Stories,leadstories.com,https://leadstories.com/hoax-alert/2021/05/fact-check-electric-cars-in-storage-lot-were-not-abandoned-due-to-battery-problems.html,Fact Check: Electric Cars In Storage Lot Were NOT Abandoned Due To Battery Problems,2021-05-18T18:00:00Z,Contract Ended
An image of an electric car cemetery in France,Multiple sources,2021-07-07T00:00:00Z,AFP Fact Check,factcheck.afp.com,https://factcheck.afp.com/doc.afp.com.9EE4BW,This photo does not show an 'electric car cemetery' in France,2021-07-13T05:21:00Z,False
"Biden ""wants to buy lithium from China for electric cars.""",Facebook posts,2022-03-14T00:00:00Z,PolitiFact,politifact.com,https://www.politifact.com/factchecks/2022/mar/22/facebook-posts/biden-administration-trying-buy-less-lithium-china/,"The Biden administration is trying to buy less lithium from China, not more",,False
The Lifespan Of An Electric Car Battery Is Bad For The Environment,facebook.com,2021-09-17T22:49:57Z,Lead Stories,leadstories.com,https://leadstories.com/hoax-alert/2021/09/fact-check-carbon-footprint-of-electric-car-battery-production-not-worse-than-air-travel.html,Fact Check: The Carbon Footprint Of Electric Car Battery Production Is NOT Worse Than Air Travel And Traditional Vehicles,2021-09-17T22:49:57Z,Needs Work
Says a photo shows a gas-powered van towing a diesel generator that is charging an electric car.,Viral Image,2019-08-11T00:00:00Z,PolitiFact,politifact.com,https://www.politifact.com/factchecks/2019/aug/23/viral-image/no-s-not-van-towing-diesel-generator-charge-electr/,"No, that's not a diesel generator charging an electric car",,False
Electric Vehicles Do Have An Impact On The Environment,facebook.com,2022-03-18T19:08:33Z,Lead Stories,leadstories.com,https://leadstories.com/hoax-alert/2022/03/fact-check-electric-vehicles-do-pollute-but-engineers-are-reducing-impacts.html,Fact Check: Electric Vehicles DO Pollute -- But Engineers Are Reducing Impacts,2022-03-18T19:08:33Z,Scare Tactics
"An image shows widely distributed, inefficient EV charging station",Social media users,2021-12-02T00:00:00Z,USA Today,usatoday.com,https://www.usatoday.com/story/news/factcheck/2021/12/13/fact-check-australian-ev-charger-efficient-converted-biofuel/6429687001/,"Fact check: Australian EV charger efficient, converted to biofuel",2021-12-14T02:30:13Z,False
"On Jan. 24, House Speaker Nancy Pelosi purchased $1.25 million in stock from the electric vehicle company Tesla. A day later, on Jan. 25, President Joe Biden signed an executive order requiring all federal vehicles to be electric.",social media users,2021-02-01T23:01:09Z,AP News,apnews.com,https://apnews.com/article/fact-checking-9949984867,"Pelosi’s husband invested in Tesla, but not as viral post claims",,Partly false
A Zimbabwean inventor named Sangulani Maxwell Chikumbutso invented an electric car that requires no charging.,,,Snopes,snopes.com,https://www.snopes.com/fact-check/zimbabwe-electric-car-no-charging/,Did a Man from Zimbabwe Invent an Electric Car That Requires No Charging?,2018-05-31T08:30:03Z,False
“COP26 luxury EVs to be recharged using diesel generators”,Bloggers,2021-10-24T00:00:00Z,PolitiFact,politifact.com,https://www.politifact.com/factchecks/2021/oct/26/blog-posting/no-diesel-fuel-isnt-recharging-electric-cars-cop26/,"No, diesel fuel isn’t recharging EVs at COP26 climate summit",,Mostly False
"Tata motors has launched a new electric car named Evision, which on one charge can run up to 1000kms which is a world record. Also, the warranty for the battery is for 10 yrs.",SOCIAL MEDIA POST,2020-07-11T00:00:00Z,FACTLY,factly.in,https://factly.in/incorrect-specifications-of-tata-evision-electric-car-are-being-spread/,Incorrect specifications of Tata Evision electric car are being spread.,2020-07-14T00:00:00Z,FALSE
Diesel Powered Generators Are Bad For Electric Vehicles,facebook.com,2021-07-08T22:10:20Z,Lead Stories,leadstories.com,https://leadstories.com/hoax-alert/2021/07/fact-check-diesel-powered-generators-are-not-bad-for-electric-vehicles.html,Fact Check: Photo Does NOT Show Electric Car Getting 5.6 Miles Per Gallon Charging Via Diesel Generator,2021-07-08T22:10:20Z,Math Wrong
"""But the House Democrats are saying openly that the tax credit for electric vehicles under their construct, the $4,500, the big part of it, will only be eligible for companies that hire union workers.""",Lindsey Graham,2021-11-04T00:00:00Z,FactCheck.org,factcheck.org,https://www.factcheck.org/2021/11/electric-vehicle-tax-credits-in-democratic-plan/,Electric Vehicle Tax Credits in Democratic Plan,,We Explain the Proposal
“Twitter is stunned to discover during the impeachment hearing that Ukrainians prefer Kyiv is pronounced 'KEEV' and not 'Key-Ev' and it is a point of national pride in defiance of the Russians.”,The Daily Mail,2019-11-19T20:21:41Z,VOA,voanews.com,https://www.voanews.com/a/hey-daily-mail-it-s-ky--yeev-not-keev-/6742271.html,"Hey Daily Mail: It’s 'Ki-yeev,' Not ‘KEEV’",2019-11-19T20:21:41Z,False
Electric car chargers that run on diesel are “popping up everywhere.”,facebook.com,2021-07-14T02:52:00Z,,misbar.com,"https://www.misbar.com/en/factcheck/2021/07/15/pictured-diesel-ev-charger-is-a-prototype,-located-in-the-middle-of-the-desert",Pictured Diesel EV Charger Is A Prototype Located In The Australian Desert,2021-07-14T02:52:00Z,misleading
Dead electric cars caused massive traffic jam during California snowstorm,Social media,2021-12-29T00:00:00Z,USA Today,usatoday.com,https://www.usatoday.com/story/news/factcheck/2022/01/05/fact-check-dead-electric-cars-did-not-cause-snowstorm-traffic-jam/9085526002/,Fact check: Dead electric cars did not cause California traffic jam,2022-01-05T23:15:51Z,False
An image shows a new self-contained diesel-powered electric vehicle charging point in Lancashire.,Facebook user,2021-10-18T00:00:00Z,Full Fact,fullfact.org,https://fullfact.org/environment/lancashire-diesel-electric-car-charging-point/,Photo of diesel-powered electric vehicle charging point is at least two years old – Full Fact,2021-10-21T00:00:00Z,There’s no evidence the image is from Lancashire and the county council says none of its charging points are diesel-powered. The image has been circulating since at least 2019.
This Electric Car Cemetery Is In France,facebook.com,2021-07-12T21:21:00Z,Lead Stories,leadstories.com,https://leadstories.com/hoax-alert/2021/07/fact-check-this-electric-car-cemetery-is-not-in-france-its-in-hangzhou-china.html,"Fact Check: This Electric Car Cemetery Is NOT In France -- It's In Hangzhou, China",2021-07-12T21:21:00Z,Lot In China
"In June 2021, California officials told residents to not charge their electric cars due to power shortage.",,,Snopes,snopes.com,https://www.snopes.com/fact-check/california-electric-cars-charge/,Did California Tell Residents Not To Charge Electric Cars Due to Power Shortage?,2021-06-22T08:40:20Z,Mixture
"""The market in electric vehicles [in the UK] is growing at an extraordinary pace - maybe two thirds every year""","Boris Johnson, UK Prime Minister",2021-09-22T00:00:00Z,BBC,bbc.co.uk,https://www.bbc.co.uk/news/58662358,Boris Johnson at the UN fact-checked,2021-09-23T00:00:00Z,"We couldn't immediately find the two-thirds increase mentioned by the prime minister, but it's clear uptake of low emissions vehicles recently has been growing rapidly."
California told its residents not to charge their electric cars because of a power shortage.,"Posts on Facebook, Twitter and Instagram",2021-06-26T12:33:43Z,BOOM Fact Check,boomlive.in,https://www.boomlive.in/world/california-has-not-stopped-charging-of-electric-vehicles-due-to-power-shortage-13669,California Has Not Stopped Charging Of Electric Vehicles Due To Power Shortage | BOOM,2021-06-26T12:33:43Z,False
Image shows electric car 'cemetery' in France,Social media,2021-07-12T00:00:00Z,USA Today,usatoday.com,https://www.usatoday.com/story/news/factcheck/2021/07/14/fact-check-image-purported-electric-car-cemetery-taken-china/7938854002/,Fact check: Viral image of an electric car 'cemetery' shows vehicles from a ride-share company in China,2021-07-14T22:12:24Z,Partly False
"In 2019, Labor had a policy to raise the price of petrol to force people to switch to electric vehicles.",Prime Minister Scott Morrison,2021-11-11T00:00:00Z,AAP,aap.com.au,https://www.aap.com.au/factcheck/pms-claim-about-labors-2019-electric-car-policy-is-all-gas/,PM's claim about Labor's 2019 electric car policy is all gas,2025-02-07T07:09:09Z,"False. Labor had no such stated policy, and any link between the opposition's then proposals and increased fuel prices was only tangential."
A meme showed electric cars being charged by coal energy.,,,Snopes,snopes.com,https://www.snopes.com/fact-check/coal-powered-electric-cars/,Is Coal-Powered Energy Charging These Electric Cars?,2021-11-22T08:16:00Z,False
Electric cars were abandoned after battery failure,Multiple sources,2021-05-16T00:00:00Z,AFP Fact Check,factcheck.afp.com,https://factcheck.afp.com/electric-cars-france-were-not-discarded-due-faulty-technology,Electric cars in France were not discarded due to faulty technology,2021-05-19T20:06:00Z,False
General Motors admits 95% of energy for electric vehicles comes from coal,Social media,2021-07-13T00:00:00Z,USA Today,usatoday.com,https://www.usatoday.com/story/news/factcheck/2021/07/30/fact-check-posts-makes-false-claim-gm-electric-cars/5428075001/,"Fact check: Posts makes false claim about GM, electric cars",2021-07-30T20:49:09Z,False
Photographs show many electric cars that were scrapped because their batteries were too expensive to replace.,Facebook user,2021-03-16T00:00:00Z,Full Fact,fullfact.org,https://fullfact.org/online/electric-vehicles-from-failed-business/,These cars were not abandoned because their batteries failed – Full Fact,2021-05-18T00:00:00Z,Incorrect. These cars were scrapped because they were part of the fleet of a French business that stopped trading.
Average electric car requires equivalent of 85 pounds of coal or six barrels of oil for a single charge,Social media users,2021-12-01T00:00:00Z,USA Today,usatoday.com,https://www.usatoday.com/story/news/factcheck/2021/12/13/fact-check-claim-errs-calculating-electric-car-charging-efficiency/6441054001/,Fact check: Claim on electric car charging efficiency gets some math wrong,2021-12-14T03:52:52Z,Partly False
Electric car manufacturers rely on child labor to extract cobalt for their car batteries.,,,Snopes,snopes.com,https://www.snopes.com/fact-check/child-miners-electric-cars-work/,Are Child Miners Exploited to Manufacture Electric Car Batteries?,2019-11-27T04:02:59Z,Mixture
"In October 2021, Hertz car rental announced it had ordered 100,000 Tesla electric vehicles.",,,Snopes,snopes.com,https://www.snopes.com/fact-check/hertz-car-rental-100000-tesla/,"Did Hertz Car Rental Announce It Ordered 100,000 Teslas?",2021-10-25T22:51:00Z,True
California asked residents “to avoid charging electric cars amid power grid strain.”,social media users,2022-03-17T23:21:00Z,AP News,apnews.com,https://apnews.com/article/fact-checking-656831661268,Posts mislead on California electric car charging,,Missing context
"Electric Vehicles Are A Net Negative, when emissions and heavy battery vehicle deaths are factored in.",facebook.com,2021-10-25T20:15:00Z,Lead Stories,leadstories.com,https://leadstories.com/hoax-alert/2021/10/fact-check-electric-vehicles-are-not-a-net-negative.html,"Fact Check: Nature Article Does NOT Say Electric Vehicles Are A Net Negative, Based On Emissions, Safety",2021-10-25T20:15:00Z,Contradictory
Claims to depicts the differences in environmental impact between an open-air mine where lithium is extracted for electric car batteries and an oil sands extraction site.,Viral Image,2019-09-13T00:00:00Z,Check Your Fact,checkyourfact.com,https://checkyourfact.com/2019/09/19/fact-check-lithium-electric-cars-environment-oil-fossil-fuels/,FACT CHECK: Do These Images Show The Differences Between The Environmental Impact Of Lithium Mining And Oil Sands Extraction?,2019-09-19T15:06:13Z,False
New Tata Evision electric car worth Rs. 25 lakh to be launched in March 2021,Viral Social Media Post,2021-01-13T00:00:00Z,Newschecker,newschecker.in,https://newschecker.in/fact-check/claims-on-tatas-evision-electric-car-worth-rs-25-lakh-and-launching-in-march-2021-are-false,Claims On Tata’s EVision Electric Car Worth Rs 25 Lakh And Launching in March 2021 Are False,2021-01-17T00:00:00Z,False
Eco-friendly electric vehicles (EVs) are bad for the environment.,,,Snopes,snopes.com,https://www.snopes.com/fact-check/electric-vehicle-batteries/,Are Electric Vehicles and Batteries Bad for the Environment?,2022-03-28T08:00:22Z,Mixture
"""Despite bipartisan support for consumer incentives, [the Trump administration] also let the federal tax credit expire, penalizing autoworkers who were, at the time, selling the most electric vehicles in the world — in the United States.""",Joe Biden,2021-08-05T00:00:00Z,FactCheck.org,factcheck.org,https://www.factcheck.org/2021/08/tax-credit-for-plug-in-electric-vehicles-still-available-for-certain-models/,Tax Credit for Plug-in Electric Vehicles Still Available for Certain Models,,Misleading
A petrol generator charging an electric car,[site:name],2019-07-02T00:00:00Z,AFP Fact Check,factcheck.afp.com,https://factcheck.afp.com/no-not-petrol-generator-charging-electric-car,"No, this is not a petrol generator charging an electric car",2019-07-15T22:26:00Z,Mixture
"Electric cars in US are coal-powered, not helpful in lowering emissions",Multiple sources,2022-01-25T00:00:00Z,AFP Fact Check,factcheck.afp.com,https://factcheck.afp.com/doc.afp.com.9ZD7BV,Misleading posts criticize electric cars over coal-produced power,2022-02-11T17:51:00Z,Misleading
"""We have lower electric vehicles sales than any other country in the OECD.""",Mark Butler,2019-04-01T00:00:00Z,ABC News,abc.net.au,https://www.abc.net.au/news/2019-05-03/fact-check-electric-cars-australia-vs-oecd/11072962,Fact Check: Does Australia have the lowest uptake of electric vehicles in the OECD?,2019-05-03T00:00:00Z,Close to the mark
"Alexandria Ocasio-Cortez tweeted, ""I see people are rushing out to fill up their cars for this hurricane at the gas station. This wouldn’t be an issue if they had electric cars. If the power is out for a week how are they going to get gas? We need to start planning ahead and moving forward.""",Viral image,2019-09-04T00:00:00Z,PolitiFact,politifact.com,https://www.politifact.com/factchecks/2019/sep/06/viral-image/no-aoc-didnt-tweet-about-electric-cars-and-hurrica/,"No, AOC didn’t tweet about electric cars and hurricanes",,False
CA told electric vehicle owners to not charge cars due to power shortage,,2021-06-21T00:00:00Z,USA Today,usatoday.com,https://www.usatoday.com/story/news/factcheck/2021/06/25/california-didnt-require-electric-car-owners-stop-charging/5320286001/,Fact check: California didn't require electric car owners to stop charging in heat wave,2021-06-25T19:38:55Z,False
