VideoId,Title,Published,Link,Views,Sentiment,Score,Description,DurationSeconds,Favorite
N12v9aj3WKI,Are Elon Musk And Tesla Giving Up on EVs?,2025-04-16T16:00:39Z,https://www.youtube.com/watch?v=N12v9aj3WKI,870653.0,NEGATIVE,0.997,"Tesla is one of the largest EV makers in the world, but the company has changed its mission. CEO Elon Musk has invested billions into autonomous cars and humanoid robots - $10 billion into autonomy and driver assistance alone. Bulls say this is Tesla’s future and without it the company’s current share price is overvalued. Bearish investors say Tesla has abandoned its original mission and that these new initiatives won’t pay off.

Chapter 1: Tesla’s original master plan – 2:06
Chapter 2: Changing mission - 04:33
Chapter 3: Technical challenges - 06:36
Chapter 4: Business case - 09:52
Chapter 5: Back to EVs - 12:18

Producer: Robert Ferris
Editor: Darren Geeter
Animation: Jason Reginato, Andrea Schmitz
Camera: Jordan Smith
Senior Managing Producer: Tala Hadavi
Additional Production Support: Lora Kolodny
Additional footage: Getty Images, Tesla

» Subscribe to CNBC: https://cnb.cx/SubscribeCNBC
» Subscribe to CNBC TV: https://cnb.cx/SubscribeCNBCtelevision

About CNBC: From 'Wall Street' to 'Main Street' to award winning original documentaries and Reality TV series, CNBC has you covered. Experience special sneak peeks of your favorite shows, exclusive video and more.

Do you want a new career that’s higher-paying, more flexible or fulfilling? Take CNBC’s new online course - How to Change Careers and Be Happier at Work. Pre-register today and use coupon code EARLYBIRD for an introductory discount of 30% off $67 (+taxes and fees) through May 13, 2025: https://cnb.cx/4igNyqZ

Connect with CNBC News Online
Get the latest news: https://www.cnbc.com/
Follow CNBC on LinkedIn: https://cnb.cx/LinkedInCNBC
Follow CNBC News on Instagram: https://cnb.cx/InstagramCNBC
Follow CNBC News on Facebook: https://cnb.cx/LikeCNBC
Follow CNBC on Threads: https://cnb.cx/threads
Follow CNBC News on X: https://cnb.cx/FollowCNBC
Follow CNBC on WhatsApp: https://cnb.cx/WhatsAppCNBC

#cnbc #tesla #musk 
Are Elon Musk and Tesla giving up on EVs?",941.0,False
990N9TgwB4Y,The Cheapest 600HP EV...,2025-04-22T13:00:14Z,https://www.youtube.com/watch?v=990N9TgwB4Y,161691.0,NEGATIVE,0.993,"A review of the Chevy Blazer EV SS. The SS should stand for Sensible Sport...

Shot on Oppo Find X8 Ultra & iPhone 16 Pro Max
Rode Wireless Micro: https://geni.us/FBnQh",573.0,False
bEH5gDiESRg,New Tesla Model Y v BYD Sealion: Ultimate review!,2025-04-17T10:04:03Z,https://www.youtube.com/watch?v=bEH5gDiESRg,1160634.0,NEGATIVE,0.983,"Change your car with Carwow: https://bit.ly/Change-Your-Car-1704

It’s time for a showdown between two of the best mid-sized electric SUVs you can buy in 2025 - the Tesla Model Y vs the BYD Sealion! 

The question is, which will come out on top in this all-new group test? Let’s take a closer look at the two contenders. 

The new Model Y has been updated both inside & out compared to the previous model. On the outside, there’s a Cybertruck-inspired front light bar, new alloy wheel designs, and a redesigned rear bumper, coupled with an illuminated Tesla badge. On the inside, it’s still much of the same as in the old car, apart from a few minor tweaks and changes. Thankfully, there’s also still a stalk for the indicator, unlike in the new Model 3! 

In terms of price, the Model Y range starts from £44,990, rising to £52,000 for the top-of-the-range edition. The car we have here is the long-range edition, which has dual motors for AWD, 507hp, 494Nm, and a weight of 1,995kg. 

As for the BYD Sealion, it has a pretty imposing look from the outside, with large air intakes on either side of the front bumper. Around the back, there’s a small boot lip spoiler, as well as a full-length light bar. On the inside, there’s a number of differences to the Tesla. There’s leatherette throughout the cabin that gives it a smart feel, while there are a number of physical buttons and a drive mode select lever. There’s a large infotainment screen that can rotated, and the BYD also comes with a set of digital dials. 

The BYD starts from £47,000, rising to around £59,000 for the range-topping edition. We had the dual motor Excellence edition for this test, which delivers 530hp and 690Nm, and weighs in at 2,420kg. 

The long-term trip computers on these cars recorded energy consumption figures of 3.7 miles per kWh in the Tesla, and 2.5 miles per kWh in the BYD. The Tesla's 75kWh battery means it should manage around 278 miles on a full charge, while the BYD's 91.3kWh battery should deliver around 228 miles. 

So will the BYD come out on top? Or will the Tesla reign supreme? You’ll need to stick with Mat to see for yourself!

Mat’s Tesla Choice: https://bit.ly/Mats-Tesla-Choice-1704

Mat’s BYD Choice: https://bit.ly/Mats-BYD-Choice-1704

Chapters
00:00 Intro
00:38 Price
00:57 Design
03:16 Door Handles
04:45 Drag Race
06:07 Rolling Race
06:58 Interiors
12:36 Infotainment System
14:32 Charging
14:46 Back Seats
16:42 Boot
17:00 Men in Boot Test
20:05 Front Boot
20:48 Batteries & Range
22:43 Driving
25:03 Verdict",1500.0,False
1yL23UhN7mE,My Longest Road Trip By Mahindra BE6 EV 😳,2025-04-22T05:30:04Z,https://www.youtube.com/watch?v=1yL23UhN7mE,162978.0,NEGATIVE,0.992,"My Longest Road Trip By Mahindra BE6 EV 😳


How To Travel the World for Free & Earn Money : https://www.indianbackpacker.in/s/store

Instagram: https://indian-backpacker.oia.bio/anmoooolll
Facebook: https://www.facebook.com/officialindianbackpacker

Hey, have you tried an eSIM? Get US$3 off your first eSIM data pack from Airalo. Use code ANMOL7305 when you sign up or apply it at checkout. https://ref.airalo.com/bqrF

Music: http://share.epidemicsound.com/ZhL8f

For sponsorship, product reviews, and collaboration, you can email me here:  ib@gamainmentsolutions.com",2206.0,False
OYqQiXuq21I,I Drove A Trump Cybertruck Through A Lib Tesla Protest | What Happened Next Is INSANE...,2025-04-19T13:04:10Z,https://www.youtube.com/watch?v=OYqQiXuq21I,568651.0,NEGATIVE,0.968,"I went to a Tesla protest in a Cybertruck with Byron Donalds and Forgiato Blow



Download Forgiato’s Song: https://song.link/i/1808151793


BECOME A MEMBER:
https://www.youtube.com/channel/UCLdP3jmBYe9lAZQbY6OSYjw/join

FOLLOW OUR NEW CHANNELS:

Benny On The Block: https://www.youtube.com/@UC4c9dTJByint_q1wbYcDgGg 
Benny's Brews: https://www.youtube.com/@UCi5WACV5ULvP58dvCOuPbbg 

FOLLOW BENNY ON SOCIALS:
https://www.bennyjohnson.com/follow

CHECK OUT OUR MERCH: 
https://shop.bennyjohnson.com/


Sign up for The Benny Newsletter:
https://www.bennyjohnson.com/newsletter

SUBSCRIBE TO THE PODCAST
https://link.chtbl.com/hDPO8U2P",646.0,False
yJBalCSW1eE,Elon Completely Loses It After Toyota ANNOUCED A New Car BETTER Than Tesla!,2025-04-17T21:00:57Z,https://www.youtube.com/watch?v=yJBalCSW1eE,121313.0,NEGATIVE,0.999,"Elon Completely LOSES It After Toyota ANNOUCED A New Car BETTER Than Tesla!

------------------------------------------------------------------------

Toyota just stormed the EV market and left Elon Musk stunned! Discover how Toyota’s new bZ3X SUV—launched at the 2024 Beijing Auto Show and priced from just $13,800—challenges Tesla by offering long range, fast charging, and affordable lithium iron phosphate batteries. Learn why Elon Musk reacted, which markets will see this model, and how Toyota’s strategic GAC partnership drives down costs. From family-friendly features to cutting-edge solid-state battery tech and advanced ADAS, this video breaks down everything you need to know. Hit play to explore Toyota’s game-changing EV right today.

------------------------------------------------------------------------
Hey everyone, feel free to share your thoughts in the comments below about this video and let us know what topics and updates you'd like to see covered in the future. Your feedback helps us create the best experience for you!
Thank you for being part of the Cruise Control community. 🙏🏼

Don't forget to like and subscribe to our channel for more automotive news and updates. 👍🏼

🔹 For copyright & business matters, please contact: 
murigikiki21@gmail.com
-----------------------------------------------------
#cars #cruisecontrol #autonews",777.0,False
f8s3mSNdZSc,RoRo Ship Delphine Catches Fire with 60 EVs Onboard,2025-04-17T17:07:16Z,https://www.youtube.com/watch?v=f8s3mSNdZSc,92600.0,NEGATIVE,0.986,"Training & Consulting: https://www.stachedtraining.com

A fire broke out aboard the MV Delphine, the world’s largest short-sea RoRo vessel, while docked in the port of Zeebrugge, Belgium. The ship was carrying around 190 vehicles — including 60 electric vehicles — when the blaze erupted on the third deck.

In this video, I break down what we know so far about the incident, the firefighting challenges unique to RoRo vessels, and why electric vehicle fires create a whole new set of risks. We’ll also look at how current shipping standards fall short, what went wrong in previous incidents like Newark and Miami, and why this isn’t just about EVs — it’s about how we train, prepare, and protect crews on land and at sea.

To learn more about things at sea: @wgowshipping 

Check out the inside of a RoRo: https://www.youtube.com/watch?v=YfEL-mW3eDk",405.0,False
rwBT0R6Hduk,Xiaomi EV Goes Crazy! Major Issue with Autopilot! BYD Electric Bus Carrying Students Suddenly Smokes,2025-04-21T03:30:29Z,https://www.youtube.com/watch?v=rwBT0R6Hduk,82420.0,NEGATIVE,0.99,"A video has recently gone viral on Chinese social media, allegedly showing a new electric vehicle catching fire and exploding on the highway, with a mushroom cloud rising from the scene.
Join this channel to get access to perks:
https://www.youtube.com/channel/UCT2kPBcD6tXn8TP_aV7BmgA/join

#chinaobserver
All rights reserved.
⭐You can support us at: https://donorbox.org/china-observer-supporting-independent-news
⭐For business cooperation, please contact us: business@chinaobserver.co",1154.0,False
EKb75QfDGT8,TVS iQube 2.2 - Affordable and no-nonsense electric runabout | Road Test | Autocar India,2025-04-18T05:30:06Z,https://www.youtube.com/watch?v=EKb75QfDGT8,73080.0,NEGATIVE,0.949,"More often than not, an affordable electric scooter comes with more compromises than advantages. But the TVS iQube 2.2 thankfully bucks that trend. Dinshaw Magol tells you why you need one in your life if your daily usage is less than 40km.

Cameraperson - Abhijeet Kamane
Editor - Yadnyesh Salunke

SUBSCRIBE to Autocar India for the hottest automotive news and the most comprehensive reviews ► http://bit.ly/AutocarInd

Autocar India is your one-stop source for test drive reviews & comparison tests of every new car and motorcycle launched in India. We also offer a great mix of other automotive content, including weekly news, motor show reports, travelogues and other special features. 

Website: http://www.autocarindia.com 
Facebook: http://www.facebook.com/autocarindiamag
Instagram: https://www.instagram.com/autocar_india/
Twitter: http://www.twitter.com/autocarindiamag

New car reviews ►http://bit.ly/ACI-NewCarReviews

Comparison tests ►http://bit.ly/ACI-Comparison

New bike reviews ►http://bit.ly/ACI-BikeReviews

Features ►http://bit.ly/ACI-Features",366.0,False
ahLzaHy4UA0,NEW Ford Capri review – better than a Tesla Model Y? | What Car?,2025-04-18T07:00:00Z,https://www.youtube.com/watch?v=ahLzaHy4UA0,70951.0,NEGATIVE,0.941,"In this new Ford Capri review, we’ll tell you everything you need to know about this electric SUV. Is it really better than a Tesla Model Y?

Save thousands on your next new car with What Car? at https://www.whatcar.com/new-car-deals/

New videos are uploaded to What Car? each week. Don't miss a single one. Subscribe now: https://bit.ly/2Obgxjd

Visit our website at https://www.whatcar.com/

New videos are uploaded to the What Car? channel every week. Subscribe now so you don't miss a single one: https://www.youtube.com/whatcar

What Car? is the UK's biggest car-buying brand and has been helping buyers for more than 50 years. Our tests are widely regarded as the most independent and in-depth. 

Our YouTube channel brings you trusted reviews on all types of car, plus car news, reveals and features.

In-depth written reviews are available on our website whatcar.com, where you'll also find advice features and the latest new and used car deals.

Follow What Car? here: 
LIKE What Car? on Facebook: https://goo.gl/yv5jF8
FOLLOW What Car? on Twitter: https://goo.gl/SJzmT8

Check out our full video catalog: https://bit.ly/2W81iu9",924.0,False
KN7JLUBc4jM,Yet another EV fire on board a Cargo Ship - This time Zeebrugge,2025-04-17T14:22:21Z,https://www.youtube.com/watch?v=KN7JLUBc4jM,68379.0,NEGATIVE,0.985,"Here we go again

https://maritime-executive.com/article/major-ev-fire-breaks-out-aboard-ro-ro-at-zeebrugge

https://ctif.org/news/cargo-ship-110-electric-cars-fire-harbour-zeebrugge

#breakingnews #news #automotive #cars #carnews #electriccars #evnews #electriccarnews #Tesla #london #ulez  #latest #breaking",377.0,False
JIXfeKzw_e8,EVs Destroy ICE Cars in Reliability: But 1 popular EV Breaks-Down constantly,2025-04-21T11:26:01Z,https://www.youtube.com/watch?v=JIXfeKzw_e8,64101.0,NEGATIVE,0.988,"EVs Destroy ICE Cars in Reliability: But 1 popular EV Breaks-Down constantly

The best solar company in Australia just installed my new solar system. 
Check them out here: https://www.resinc.com.au/electricviking

I use Starlink internet to upload all of my videos, use my referral link here: https://www.starlink.com/residential?referral=RC-392400-91086-9

👇👇 Buy something and support The Electric Viking Store 👇👇
https://shop.theelectricviking.com/

Size guide and other help for the store 👇
https://theelectricviking.com/the-electric-viking-products-size-guide/

🔔 Subscribe and hit the notification bell! ► https://www.youtube.com/@electricviking?sub_confirmation=1

Join me on Patreon ► https://www.patreon.com/theelectricviking

Join as a member in The Electric Viking YouTube►
https://www.youtube.com/channel/UCjzi56cxvmEDwjo1Bd2Yxpg/join

Members-only videos (see videos before anyone else)►
https://www.youtube.com/playlist?list=UUMOjzi56cxvmEDwjo1Bd2Yxpg

See what happened to Shanna (Sam's wife): 
https://youtu.be/D6Ah4IC4TLA

The Electric Viking on other platforms: 
Spotify Podcasts ► https://open.spotify.com/show/7qDxQ2PDFC3KvJq5f7Oxih
If it's not available in your country, use this link: https://podcasters.spotify.com/pod/show/theelectricviking
Rumble ► https://rumble.com/c/TheElectricViking
Facebook page ► https://www.facebook.com/theelectricvikingfb
Facebook group ► https://www.facebook.com/groups/theevfbgroup/
X (Formerly known as Twitter) ► https://x.com/theevking
Instagram ► https://www.instagram.com/theelectricvking/
Pinterest ► https://www.pinterest.com/theelectricviking/
Telegram ► https://t.me/theelectricviking
TikTok ► https://tiktok.com/@theelectricviking 
Read my blog ► https://theelectricviking.com/blog/

👇 My Bali trip 👇
https://youtu.be/teGyu5zSaYI
 👇 Video about My Skateboard  👇
https://youtu.be/N9srJ1D2eGA

👇 Subscribe to my kids channel 👇
https://tinyurl.com/subscribetojackandcal

See more videos: 
Global EV Sales Soar 29% in 2025 – EVs Steal Marketshare from ICE
https://youtu.be/WnUlPrOpKkY

China’s Game-Changing EV Battery Safety Ban Starts in 2026!
https://youtu.be/R8DqXAS4j2k

EVs win nearly every award at 2025 World Car Awards
https://youtu.be/kIOR6Edh_uw

Very Few Good EVs Under $50K’ – Rivian CEO Calls for Change in America
https://youtu.be/O2M2CBIK5Co

Rivian’s CEO explains why China KILLING America in EV quality and price
https://youtu.be/2swTUOpHDS4

Global mining company says renewables & electric vehicles saves them billions
https://youtu.be/ZdpAWm_9iA8

Renewables Go Beyond 100% in California - Solar & Wind Break Records
https://youtu.be/lZExdJjHwmA

America’s Risky Plan: Surrounding the Country with Floating Nuclear Reactors
https://youtu.be/D1QUEs58sro

China's largest OIL company says demand will crash because of EVs
https://youtu.be/gyzUQJsZv8A

EV boom causes oil consumption in China to fall sooner than expected
https://youtu.be/ST9shNcIYLM

VW will fire over 35,000 staff as German auto crisis hits breaking point
https://youtu.be/okKOH21fRgE

EVs with Semi Solid state batteries are about to arrive...
https://youtu.be/ya0fBplj1KE

Another country bans sale of new gas and diesel powered vehicles by 2035
https://youtu.be/eWbdrw5gYTI

VW Group & Porsche fight over which factories should be closed first
https://youtu.be/wRs1OCXjTrk

German media says Porsche SE facing up to $22 billion on VW Group losses
https://youtu.be/17MoGrqZeDM

Xiaomi's new YU7 SUV price revealed - legacy automakers should just give up
https://youtu.be/RGRtmrA-V-8

BYD’s reveals New Fang Cheng Bao Titanium 3 Electric SUV
https://youtu.be/fXyQzWyeFe4

Stanford: EV Batteries last 40% longer than expected in real world testing
https://youtu.be/uzKOXdHh6BI

Porsche shut 30% of dealers in China after quality problems damage brand
https://youtu.be/8big4b4DHMA

#electricvehicle #internalcombustionengine #gascar #dieselengine #evnews #destroy 

 👇Reference to the news/charts & videos used in this video:
https://thedriven.io/2025/04/14/evs-more-reliable-than-ice-vehicles-with-the-best-and-worst-electric-cars-identified/amp/?fbclid=IwY2xjawJx_MlleHRuA2FlbQIxMAABHt-TBrVa2Q8ocQQvT2hkHUCpqU84zuR9nXxUYGZUtbuFD3rmg0IFskD0z4iM_aem_R7MnsL_No1NuVUIVJNnAUg

This channel may use some copyrighted materials without specific authorization of the owner; but content used here falls under the “Fair Use” Copyright Disclaimer under Section 107 of the Copyright Act 1976. 

Allowance is made for ""fair use"" for purposes such as criticism, comment, news reporting, teaching, scholarship, and research. Fair use is a use permitted by copyright statute that might otherwise be infringing. Non-profit, educational or personal use tips the balance in favor of fair use.

Contact us for any copyright issues. If you want a credit of any footage we are using, please let us know. 

Website: https://theelectricviking.com/contact/
Email: contact@theelectricviking.com",587.0,False
ok1Fj_YGHA0,Why CATL's Five-Minute EV Charging Could Be a Gamechanger,2025-04-22T04:05:24Z,https://www.youtube.com/watch?v=ok1Fj_YGHA0,43727.0,NEGATIVE,0.997,"Chinese battery maker CATL claims an upgraded version of an existing cell can offer 520 kilometers (323 miles) of range from just five minutes of charging, beating a BYD system that offers 400 kilometers in about the same time. The company unveiled the new system in Shanghai on Monday, ahead of the opening of the Shanghai Auto Show. Bloomberg TV's Minmin Low unpacks CATL's innovation and why it could prompt more consumers to go electric.
--------
More on Bloomberg Television and Markets
 
Like this video? Subscribe and turn on notifications so you don't miss any videos from Bloomberg Markets & Finance: https://tinyurl.com/ysu5b8a9
Visit http://www.bloomberg.com for business news & analysis, up-to-the-minute market data, features, profiles and more.
 
Connect with Bloomberg Television on:
X: https://twitter.com/BloombergTV
Facebook: https://www.facebook.com/BloombergTelevision
Instagram: https://www.instagram.com/bloombergtv/
 
Connect with Bloomberg Business on:
X: https://twitter.com/business
Facebook: https://www.facebook.com/bloombergbusiness
Instagram: https://www.instagram.com/bloombergbusiness/
TikTok: https://www.tiktok.com/@bloombergbusiness?lang=en
Reddit: https://www.reddit.com/r/bloomberg/
LinkedIn: https://www.linkedin.com/company/bloomberg-news/
 
More from Bloomberg:
Bloomberg Radio: https://twitter.com/BloombergRadio

Bloomberg Surveillance: https://twitter.com/bsurveillance
Bloomberg Politics: https://twitter.com/bpolitics
Bloomberg Originals: https://twitter.com/bbgoriginals
 
Watch more on YouTube:
Bloomberg Technology: https://www.youtube.com/@BloombergTechnology
Bloomberg Originals: https://www.youtube.com/@business
Bloomberg Quicktake: https://www.youtube.com/@BloombergQuicktake
Bloomberg Espanol: https://www.youtube.com/@bloomberg_espanol
Bloomberg Podcasts: https://www.youtube.com/@BloombergPodcasts",251.0,False
w4twL0pqCSU,Electric vehicles are a DANGER to shipping | MGUY Australia,2025-04-18T07:01:00Z,https://www.youtube.com/watch?v=w4twL0pqCSU,38372.0,NEGATIVE,0.999,"Another cargo ship probably destroyed... thanks to a bunch of EVs...

☕️ Want to support this channel? Buy me a coffee! ➜ https://m-g.uy/donate
✉️ Send tips and stories ➜ simon@mguy.tv
🗞️ Signup for MGUY newsletter ➜ https://m-g.uy/news

Story: https://m-g.uy/bc75ce

MGUY social media links:
Twitter/X ➜ https://twitter.com/mguytv
Instagram ➜ https://instagram.com/mguy.tv
Contact MGUY: simon@mguy.tv

#electricvehicle #electriccar #evfire #ev

FAIR USE DISCLAIMER
Under Section 107 of the Copyright Act 1976, allowance is made for ""fair use"" for purposes such as criticism, comment, news reporting, teaching, scholarship and research. Fair Use is a use permitted by copyright statute that might otherwise be infringing.

The Copyright Laws of the United States recognizes a ""fair use"" of copyrighted content. Section 107 of the U.S. Copyright Act states: ""Not withstanding the provisions of Section 106 and 106a, the fair use of a copyrighted work, including such use by reproduction in copies of phonorecords or by any other means specified by that section, for purposes such as criticism, comment, news reporting, teaching, scholarship, or research, is not an infringement of copyright.""",520.0,False
WnUlPrOpKkY,Global EV Sales Soar 29% in 2025 – EVs Steal Marketshare from ICE,2025-04-20T23:00:36Z,https://www.youtube.com/watch?v=WnUlPrOpKkY,27217.0,NEGATIVE,0.894,"Global EV Sales Soar 29% in 2025 – EVs Steal Marketshare from ICE
-

The best solar company in Australia just installed my new solar system. 
Check them out here: https://www.resinc.com.au/electricviking

I use Starlink internet to upload all of my videos, use my referral link here: https://www.starlink.com/residential?referral=RC-392400-91086-9

👇👇 Buy something and support The Electric Viking Store 👇👇
https://shop.theelectricviking.com/

Size guide and other help for the store 👇
https://theelectricviking.com/the-electric-viking-products-size-guide/

🔔 Subscribe and hit the notification bell! ► https://www.youtube.com/@electricviking?sub_confirmation=1

Join me on Patreon ► https://www.patreon.com/theelectricviking

Join as a member in The Electric Viking YouTube►
https://www.youtube.com/channel/UCjzi56cxvmEDwjo1Bd2Yxpg/join

Members-only videos (see videos before anyone else)►
https://www.youtube.com/playlist?list=UUMOjzi56cxvmEDwjo1Bd2Yxpg

See what happened to Shanna (Sam's wife): 
https://youtu.be/D6Ah4IC4TLA

The Electric Viking on other platforms: 
Spotify Podcasts ► https://open.spotify.com/show/7qDxQ2PDFC3KvJq5f7Oxih
If it's not available in your country, use this link: https://podcasters.spotify.com/pod/show/theelectricviking
Rumble ► https://rumble.com/c/TheElectricViking
Facebook page ► https://www.facebook.com/theelectricvikingfb
Facebook group ► https://www.facebook.com/groups/theevfbgroup/
X (Formerly known as Twitter) ► https://x.com/theevking
Instagram ► https://www.instagram.com/theelectricvking/
Pinterest ► https://www.pinterest.com/theelectricviking/
Telegram ► https://t.me/theelectricviking
TikTok ► https://tiktok.com/@theelectricviking 
Read my blog ► https://theelectricviking.com/blog/

👇 My Bali trip 👇
https://youtu.be/teGyu5zSaYI
 👇 Video about My Skateboard  👇
https://youtu.be/N9srJ1D2eGA

👇 Subscribe to my kids channel 👇
https://tinyurl.com/subscribetojackandcal

Europe FURIOUS at America, SLAM'S Auto industry tariffs https://youtu.be/6lFWcvjcahY

See more videos: 
China’s Game-Changing EV Battery Safety Ban Starts in 2026!
https://youtu.be/R8DqXAS4j2k

EVs win nearly every award at 2025 World Car Awards
https://youtu.be/kIOR6Edh_uw

Very Few Good EVs Under $50K’ – Rivian CEO Calls for Change in America
https://youtu.be/O2M2CBIK5Co

Rivian’s CEO explains why China KILLING America in EV quality and price
https://youtu.be/2swTUOpHDS4

Global mining company says renewables & electric vehicles saves them billions
https://youtu.be/ZdpAWm_9iA8

Renewables Go Beyond 100% in California - Solar & Wind Break Records
https://youtu.be/lZExdJjHwmA

America’s Risky Plan: Surrounding the Country with Floating Nuclear Reactors
https://youtu.be/D1QUEs58sro

China's largest OIL company says demand will crash because of EVs
https://youtu.be/gyzUQJsZv8A

EV boom causes oil consumption in China to fall sooner than expected
https://youtu.be/ST9shNcIYLM

VW will fire over 35,000 staff as German auto crisis hits breaking point
https://youtu.be/okKOH21fRgE

EVs with Semi Solid state batteries are about to arrive...
https://youtu.be/ya0fBplj1KE

Another country bans sale of new gas and diesel powered vehicles by 2035
https://youtu.be/eWbdrw5gYTI

VW Group & Porsche fight over which factories should be closed first
https://youtu.be/wRs1OCXjTrk

German media says Porsche SE facing up to $22 billion on VW Group losses
https://youtu.be/17MoGrqZeDM

Xiaomi's new YU7 SUV price revealed - legacy automakers should just give up
https://youtu.be/RGRtmrA-V-8

BYD’s reveals New Fang Cheng Bao Titanium 3 Electric SUV
https://youtu.be/fXyQzWyeFe4

Stanford: EV Batteries last 40% longer than expected in real world testing
https://youtu.be/uzKOXdHh6BI

Porsche shut 30% of dealers in China after quality problems damage brand
https://youtu.be/8big4b4DHMA

NEW $30,000 Tesla Model Q EV launching in less than 6 months time
https://youtu.be/XJeY-kiuv2A

Every NEW electric car coming to Australia in 2025 
https://youtu.be/0XFBgqZHD18


#globalevsales #evnews  #evsales   #evmarket   #chineseev #china  #ustariffs #tariffs2025 

 👇Reference to the news/charts & videos used in this video:
https://www.carscoops.com/2025/04/global-electrified-sales-are-up-29-this-year-but-this-includes-phevs/

This channel may use some copyrighted materials without specific authorization of the owner; but content used here falls under the “Fair Use” Copyright Disclaimer under Section 107 of the Copyright Act 1976. 

Allowance is made for ""fair use"" for purposes such as criticism, comment, news reporting, teaching, scholarship, and research. Fair use is a use permitted by copyright statute that might otherwise be infringing. Non-profit, educational or personal use tips the balance in favor of fair use.

Contact us for any copyright issues. If you want a credit of any footage we are using, please let us know. 

Website: https://theelectricviking.com/contact/
Email: contact@theelectricviking.com",480.0,False
LFmVp9CvvyY,Ford Stops Shipping Cars to China; Tesla Delays More Affordable EV - Autoline Daily 4038,2025-04-21T16:08:45Z,https://www.youtube.com/watch?v=LFmVp9CvvyY,18856.0,NEGATIVE,0.738,"Autoline reports breaking global car news, with great insight and analysis. Also, top auto executive interviews. We cover electric vehicles (EV), autonomous vehicles (AV) and internal combustion engine technology (ICE), as well as car sales & financial earnings and new car reviews.

0:00 Tesla Delays Launch of Low-Cost Model Y
1:49 Japan Could Ease Car Safety Regs For U.S. Trade Deal
2:34 Ford Stops Vehicle Shipments to China
3:00 Audi Considers U.S. Production to Avoid Tariffs
3:59 CATL Reveals 1,500-Km EV Battery
5:45 BYD & Aramco To Develop New Energy Vehicle Tech
6:33 Mercedes Teases Luxury Van for China
7:01 Autoline Aptera Poll Results

Story Links:
- Tesla Delays More Affordable EVs: https://www.reuters.com/business/autos-transportation/tesla-delay-us-launch-affordable-ev-lower-cost-model-y-sources-say-2025-04-18/

- Q1 Model Y Sales in China: https://carnewschina.com/2025/04/20/best-selling-suv-ranking-in-china-tesla-model-y-81889-geely-xingyue-l-79883-byd-song-plus-65603-q1-2025/

- Japan Could Ease Safety Regs for US Trade Deal: https://www.autonews.com/regulation-safety/an-japan-safety-trade-0420/

- Ford Stops Shipping Vehicles to China: https://www.reuters.com/business/autos-transportation/ford-halts-shipments-vehicles-china-amid-tariffs-wsj-reports-2025-04-18/

- Audi Considers US Production to Avoid Tariffs: https://www.bloomberg.com/news/articles/2025-04-18/vw-ceo-floats-us-audi-production-to-skirt-tariffs-faz-reports?srnd=phx-industries-transportation

- CATL Tech Day: https://carnewschina.com/2025/04/21/battery-giant-catl-showcases-three-innovations-1500km-range-battery-520km-in-5-minutes-ultra-fast-charging-and-2025-mass-production-sodium-ion-battery/

- CATL Sodium-Ion Battery: https://www.reuters.com/technology/chinese-battery-maker-catl-launches-second-generation-fast-charging-battery-2025-04-21/

- BYD & Aramco Partner: https://www.bloomberg.com/news/articles/2025-04-21/aramco-agrees-with-china-s-byd-to-explore-new-ev-technology?srnd=phx-industries

- Mercedes Luxury Vans: https://media.mercedes-benz.com/article/edfdfda5-26e0-4372-a099-e23240265db1

- To read the transcript for today's show click here: https://www.autoline.tv/daily/ad-4038-ford-stops-vehicle-shipments-to-china-tesla-delays-launch-of-low-cost-model-y-catl-reveals-1500-km-ev-battery/

PATREON: https://www.patreon.com/Autoline
INSTAGRAM: https://www.instagram.com/autolinenetwork
TWITTER: https://twitter.com/Autoline
FACEBOOK: https://www.facebook.com/autolinenetwork
WEBSITE: http://www.autoline.tv",667.0,False
dyql4dT7tR4,CNG Bus Explodes in Shreveport — Not an Electric Vehicle,2025-04-18T12:13:42Z,https://www.youtube.com/watch?v=dyql4dT7tR4,17918.0,NEGATIVE,0.987,"Training & Consulting!  https://www.stachedtraining.com

A massive explosion rocked Shreveport, Louisiana, on April 16, 2025, when a public transit bus — emblazoned with the words “Call on Jesus” — erupted into flames. Many are already claiming this was an electric bus, but that’s not true. This was a CNG-powered bus, and what you're seeing is a violent reminder of how powerful compressed natural gas can be when things go wrong.

In this video, I break down the incident, explain how CNG pressure relief devices (PRDs) are supposed to work, and why this explosion likely points to a failed or compromised valve. We'll talk about what went right, what went wrong, and what fire departments should know about fighting fires involving CNG vehicles.

This was not a BLEVE — but it was still a significant explosion.",247.0,False
kIOR6Edh_uw,EVs win nearly every award at 2025 World Car Awards,2025-04-20T04:45:04Z,https://www.youtube.com/watch?v=kIOR6Edh_uw,16986.0,NEGATIVE,0.691,"EVs win nearly every award at 2025 World Car Awards
-

The best solar company in Australia just installed my new solar system. 
Check them out here: https://www.resinc.com.au/electricviking

I use Starlink internet to upload all of my videos, use my referral link here: https://www.starlink.com/residential?referral=RC-392400-91086-9

👇👇 Buy something and support The Electric Viking Store 👇👇
https://shop.theelectricviking.com/

Size guide and other help for the store 👇
https://theelectricviking.com/the-electric-viking-products-size-guide/

🔔 Subscribe and hit the notification bell! ► https://www.youtube.com/@electricviking?sub_confirmation=1

Join me on Patreon ► https://www.patreon.com/theelectricviking

Join as a member in The Electric Viking YouTube►
https://www.youtube.com/channel/UCjzi56cxvmEDwjo1Bd2Yxpg/join

Members-only videos (see videos before anyone else)►
https://www.youtube.com/playlist?list=UUMOjzi56cxvmEDwjo1Bd2Yxpg

See what happened to Shanna (Sam's wife): 
https://youtu.be/D6Ah4IC4TLA

The Electric Viking on other platforms: 
Spotify Podcasts ► https://open.spotify.com/show/7qDxQ2PDFC3KvJq5f7Oxih
If it's not available in your country, use this link: https://podcasters.spotify.com/pod/show/theelectricviking
Rumble ► https://rumble.com/c/TheElectricViking
Facebook page ► https://www.facebook.com/theelectricvikingfb
Facebook group ► https://www.facebook.com/groups/theevfbgroup/
X (Formerly known as Twitter) ► https://x.com/theevking
Instagram ► https://www.instagram.com/theelectricvking/
Pinterest ► https://www.pinterest.com/theelectricviking/
Telegram ► https://t.me/theelectricviking
TikTok ► https://tiktok.com/@theelectricviking 
Read my blog ► https://theelectricviking.com/blog/

👇 My Bali trip 👇
https://youtu.be/teGyu5zSaYI
 👇 Video about My Skateboard  👇
https://youtu.be/N9srJ1D2eGA

👇 Subscribe to my kids channel 👇
https://tinyurl.com/subscribetojackandcal

Europe FURIOUS at America, SLAM'S Auto industry tariffs https://youtu.be/6lFWcvjcahY

See more videos: 
Very Few Good EVs Under $50K’ – Rivian CEO Calls for Change in America
https://youtu.be/O2M2CBIK5Co

Rivian’s CEO explains why China KILLING America in EV quality and price
https://youtu.be/2swTUOpHDS4

Global mining company says renewables & electric vehicles saves them billions
https://youtu.be/ZdpAWm_9iA8

Renewables Go Beyond 100% in California - Solar & Wind Break Records
https://youtu.be/lZExdJjHwmA

America’s Risky Plan: Surrounding the Country with Floating Nuclear Reactors
https://youtu.be/D1QUEs58sro

China's largest OIL company says demand will crash because of EVs
https://youtu.be/gyzUQJsZv8A

EV boom causes oil consumption in China to fall sooner than expected
https://youtu.be/ST9shNcIYLM

VW will fire over 35,000 staff as German auto crisis hits breaking point
https://youtu.be/okKOH21fRgE

EVs with Semi Solid state batteries are about to arrive...
https://youtu.be/ya0fBplj1KE

Another country bans sale of new gas and diesel powered vehicles by 2035
https://youtu.be/eWbdrw5gYTI

VW Group & Porsche fight over which factories should be closed first
https://youtu.be/wRs1OCXjTrk

German media says Porsche SE facing up to $22 billion on VW Group losses
https://youtu.be/17MoGrqZeDM

Xiaomi's new YU7 SUV price revealed - legacy automakers should just give up
https://youtu.be/RGRtmrA-V-8

BYD’s reveals New Fang Cheng Bao Titanium 3 Electric SUV
https://youtu.be/fXyQzWyeFe4

Stanford: EV Batteries last 40% longer than expected in real world testing
https://youtu.be/uzKOXdHh6BI

Porsche shut 30% of dealers in China after quality problems damage brand
https://youtu.be/8big4b4DHMA

NEW $30,000 Tesla Model Q EV launching in less than 6 months time
https://youtu.be/XJeY-kiuv2A

Every NEW electric car coming to Australia in 2025 
https://youtu.be/0XFBgqZHD18

What happens when 3 Chinese EVs smash into each other at the same time
https://youtu.be/cuAsr32PW0M


#bestcar2025  #bestev2025  #tesla #kiaev3 #kiaev9 #bydseagull #hyundaiinster #volvoex90 #idbuzz  #evsales #china #america #evnews  

 👇Reference to the news/charts & videos used in this video:
https://carnewschina.com/2025/04/17/byd-seagull-named-2025-world-urban-car-at-world-car-awards/ https://www.carscoops.com/2025/04/foreign-evs-dominate-2025-world-car-awards/

This channel may use some copyrighted materials without specific authorization of the owner; but content used here falls under the “Fair Use” Copyright Disclaimer under Section 107 of the Copyright Act 1976. 

Allowance is made for ""fair use"" for purposes such as criticism, comment, news reporting, teaching, scholarship, and research. Fair use is a use permitted by copyright statute that might otherwise be infringing. Non-profit, educational or personal use tips the balance in favor of fair use.

Contact us for any copyright issues. If you want a credit of any footage we are using, please let us know. 

Website: https://theelectricviking.com/contact/
Email: contact@theelectricviking.com",603.0,False
b-571xeCuAU,America's Q1 Electric Car Shock: Winners & Losers Revealed!,2025-04-17T06:29:11Z,https://www.youtube.com/watch?v=b-571xeCuAU,12799.0,NEGATIVE,0.854,"America's Q1 Electric Car Shock: Winners & Losers Revealed! 

The best solar company in Australia just installed my new solar system. 
Check them out here: https://www.resinc.com.au/electricviking

I use Starlink internet to upload all of my videos, use my referral link here: https://www.starlink.com/residential?referral=RC-392400-91086-9

👇👇 Buy something and support The Electric Viking Store 👇👇
https://shop.theelectricviking.com/

Size guide and other help for the store 👇
https://theelectricviking.com/the-electric-viking-products-size-guide/

🔔 Subscribe and hit the notification bell! ► https://www.youtube.com/@electricviking?sub_confirmation=1

Join me on Patreon ► https://www.patreon.com/theelectricviking

Join as a member in The Electric Viking YouTube►
https://www.youtube.com/channel/UCjzi56cxvmEDwjo1Bd2Yxpg/join

Members-only videos (see videos before anyone else)►
https://www.youtube.com/playlist?list=UUMOjzi56cxvmEDwjo1Bd2Yxpg

See what happened to Shanna (Sam's wife): 
https://youtu.be/D6Ah4IC4TLA

The Electric Viking on other platforms: 
Spotify Podcasts ► https://open.spotify.com/show/7qDxQ2PDFC3KvJq5f7Oxih
If it's not available in your country, use this link: https://podcasters.spotify.com/pod/show/theelectricviking
Rumble ► https://rumble.com/c/TheElectricViking
Facebook page ► https://www.facebook.com/theelectricvikingfb
Facebook group ► https://www.facebook.com/groups/theevfbgroup/
X (Formerly known as Twitter) ► https://x.com/theevking
Instagram ► https://www.instagram.com/theelectricvking/
Pinterest ► https://www.pinterest.com/theelectricviking/
Telegram ► https://t.me/theelectricviking
TikTok ► https://tiktok.com/@theelectricviking 
Read my blog ► https://theelectricviking.com/blog/

👇 My Bali trip 👇
https://youtu.be/teGyu5zSaYI
 👇 Video about My Skateboard  👇
https://youtu.be/N9srJ1D2eGA

👇 Subscribe to my kids channel 👇
https://tinyurl.com/subscribetojackandcal

See more videos: 
EVs are WAY more popular than hybrids in China -- sales skyrocket 43%
https://youtu.be/NQT7MtjY-Rc

Peter Dutton’s Dirty Move: Killing Emissions Standards Hurts Aussie Air & Wallets
https://youtu.be/waPeBNDRu78

BMW SLAMS Trump Advisor: The Real Truth Behind Spartanburg ‘Scam’
https://youtu.be/AxTlZvAw7Yg

BMW’s 800v EVs get structural batteries with Teslalike cylindrical cells
https://youtu.be/gi6cwGiQYqs

How the mainstream media is slowing down EV sales by confusing buyers
https://youtu.be/FlGePuvojHs

UK overtakes Germany as Europe’s largest EV market as EV sales hit 20%
https://youtu.be/D5UMYl4AHEc

Tesla Cybertruck Survives 75 MPH Deer collision with barely any damage
https://youtu.be/umJDaL-0CRE?si=E7MaE87aUtuawDgE

BYD will sell Denza and Fang Cheng Bao models direct to customers like Tesla
https://youtu.be/7M6RIi_fYjc

Existing BYD owners Furious after BYD reveals new God's Eye upgrade
https://youtu.be/P9PPse-WWto

BYD CEO reveals why Chinese EVs are 5 years ahead of the competition
https://youtu.be/Zy4okGmH5P0

Experts reveal why the HYPE for hybrid cars will end in DISASTER
https://youtu.be/ne3BlekmSsc

Ford’s triples Mach-E EV sales, but demand for Gas Mustang crashes
https://youtu.be/z98k2JU843g

EV sales break records in America - hit new highs in January
https://youtu.be/WdzgIcJ0cbw

Sentiment in Germany’s auto industry hits record low; more factories shutdown
https://youtu.be/F3wQW46pfcQ

VW prepares to hand its German factories over to Chinese carmakers
https://youtu.be/89GrNlSXsmc

#evsales #Q12025  #america #usevsales #evproductions #evnews 

 👇Reference to the news/charts & videos used in this video:
https://www.carscoops.com/2025/04/ev-sales-are-in-and-one-best-seller-took-a-major-hit-in-q1/

This channel may use some copyrighted materials without specific authorization of the owner; but content used here falls under the “Fair Use” Copyright Disclaimer under Section 107 of the Copyright Act 1976. 

Allowance is made for ""fair use"" for purposes such as criticism, comment, news reporting, teaching, scholarship, and research. Fair use is a use permitted by copyright statute that might otherwise be infringing. Non-profit, educational or personal use tips the balance in favor of fair use.

Contact us for any copyright issues. If you want a credit of any footage we are using, please let us know. 

Website: https://theelectricviking.com/contact/
Email: contact@theelectricviking.com",486.0,False
KyfZecqRJTE,"Trump STUNNED as U.S.-China Shipping SHUTS DOWN — Boeing Tanks, Ports Jammed! Electric Vehicles, EV",2025-04-17T16:39:29Z,https://www.youtube.com/watch?v=KyfZecqRJTE,341607.0,NEGATIVE,0.998,"In this video, we dive into a full-scale global supply chain shakeup as the U.S. slaps 145% tariffs on Chinese goods—triggering massive backlash, canceled Boeing orders, and containers piling up in Chinese ports. What does this mean for automakers, retailers, and consumers? Stay tuned to find out.

*️⃣ 00:00 | Intro
1️⃣ 00:53 | Turbocharged Tariffs: The First Shockwave Hits.
2️⃣ 02:13 | Clogged Ports, Stalled Progress.
3️⃣ 03:51 | Manufacturing Reroutes and Retailer Reboots.
4️⃣ 05:10 | Engines Stall in the Sky: Aviation Takes the Hit.
5️⃣ 06:53 | Decoupling Drives a New Roadmap for Trade.
🔎 08:30 | Final Lap – Where Do We Go From Here?

This episode breaks down how the global auto and aviation sectors are being reengineered due to the U.S.-China standoff. If you're passionate about powertrains, policy, and production lines—this is one you can't miss. Hit like and subscribe for more updates!

#PistonPundit #electricvehicle #electriccar #electrictruck #electricsuv #truckreview #suvreview #carreview #fordtrucks #gmctrucks #toyotatrucks #hybridvehicles 

🔔 Remember to hit the bell icon to get notified whenever we post new videos. And if you enjoyed this review, please like this video and share it with your friends!

Stay tuned for more content about the latest models, comparisons, and comprehensive reviews from the world of cars!

🚗~~~~~~~

Support our team by joining this channel—your membership helps us grow!🙏
https://www.youtube.com/channel/UCKI2iB92YfXffHG0BoQ--ag/join

🚗~~~~~~~

Disclaimer: This video is not sponsored. All opinions expressed are our own.

""Trump STUNNED as U.S.-China Shipping SHUTS DOWN — Boeing Tanks, Ports Jammed! Electric Vehicles, EV""",580.0,False
aVntQsRSCEU,The Real Truth of Using EV After 2 Years!,2025-03-26T10:55:51Z,https://www.youtube.com/watch?v=aVntQsRSCEU,390867.0,NEGATIVE,0.93,"Dive deep into the real cost of owning an EV! We've spent a year riding the Ola S1 Pro, Ather 450X, and now the Ather Rizta, uncovering the hidden truths behind battery life, service costs, and those elusive range claims. 

Is the promise of cheap electric rides a reality, or is there a costly catch lurking beneath the surface? Join us as we live-test battery health and expose the fine print of EV warranties.

🚀 We Are Hiring! APPLY HERE: https://techwiser.com/we-are-hiring

🌟 Please leave a LIKE ❤️ and SUBSCRIBE For More Videos Like This! 🌟

------------------------------------------------------------------------------
 
🌟  Follow Us Other Social Media Platforms 🌟 

🐦 Twitter: https://twitter.com/TechWiser
👩‍👧‍👦 Facebook: https://www.facebook.com/techwiser
📷 Instagram: https://www.instagram.com/techwiser
🌍 Website: http://techwiser.com
------------------------------------------------------------------------------
 
🌟 Team TechWiser 🌟 

🙋🏻‍♂️ Video Producer: https://www.instagram.com/praaatiiik
📹 Channel Manager: https://www.instagram.com/cinesayan
👨🏻‍💻 Cinematographer: https://www.instagram.com/mr_dinesh_ji
👨🏻‍💻 Script: https://www.instagram.com/shoubhik_sadhu/ 
👨🏻‍💻 Video Editor: https://www.instagram.com/y_singhal/
👨🏻‍💻 Video Editor: https://www.instagram.com/development_enthusiast/
👨🏻‍💻 Video Editor: https://www.instagram.com/sathvikpanchumarthy/

#Tech #Smartphones #TeamTechWiser",895.0,False
ym6oRqMrdbM,A Redneck review of the 2025 Dodge Charger EV!,2025-03-28T02:00:44Z,https://www.youtube.com/watch?v=ym6oRqMrdbM,174696.0,NEGATIVE,0.829,"This is the 1st video in a new series I'll be doing called ""Redneck Reviews"". Where I review different Cars, Trucks, Tools, Bikes, and anything else I can think of. If ya'll have any good ideas of what to review next, Let me know!!",719.0,False
IS7VAiyKTbI,MG S5 EV FIRST DRIVE : Destined to be a bestseller ?,2025-03-26T17:57:13Z,https://www.youtube.com/watch?v=IS7VAiyKTbI,119304.0,NEGATIVE,0.997,"Book a test drive at your nearest MG retailer (UK only): https://electrifying-forms.com/forms/1003775
🎥 Subscribe to Electrifying YouTube: https://electrifyingcom.short.gy/KK1pbX
🎧 Electrifying Podcast: https://electrifyingcom.short.gy/Pogjfb
✉️Electrifying.com Newsletter: https://www.electrifying.com/newsletter

Follow Electrifying.com  ⬇️
INSTAGRAM: http://instagram.com/electrifyingcom
FACEBOOK: https://facebook.com/electrifyingcom/
X: https://twitter.com/ElectrifyingCom
TIKTOK: https://tiktok.com/@electrifyingcom


Say hello to the MGS5 EV – a new, 4.5-metre long electric SUV that replaces the venerable MG ZS. Costing from under £29,000 with a WLTP range of 211 miles, or the bigger battery models start from £30,995 with a WLTP claimed range of 298 miles.  

Rivals include the Skoda Elroq, Kia EV3, Ford Puma Gen-E, Hyundai Kona, Citroen e-C4, BYD Atto 3, Suzuki e-Vitara, Renault Scenic, Mini Countryman and more… You’re not short of choice in the electric family car game, these days, that’s for sure.

Join Nicola as she takes the new MGS5 EV out on UK roads for the first time. Has MG built a game-changing model? Time to find out. 


Read the review:
https://www.electrifying.com/reviews/mg-reviews/mgs5-ev/review

#mgs5ev #mgelectric #electricsuv #CarReviews

Looking for your next car? Electrifying.com will help make finding your next vehicle easier than ever. Compare expert car reviews and recommendations, and find your perfect car through https://www.electrifying.com

This video is brought to you with Andersen EV, the UK’s most awarded home charge point brand of 2024. 
——————————————————————————————-
Check back for the latest new car reviews on everything electric
✅ the latest car reviews
✅ car advice and explainers
✅ used and new car guides
✅ head-to-heads


WANT MORE ELECTRIFYING.COM?
We upload new videos twice a week. Don't miss one by subscribing now: https://bit.ly/3U9z1RE
Want to be the first to see our videos? Enable notifications.
Visit our website at https://www.electrifying.com/
SIgn up to our weekly newsletter  https://bit.ly/3Ud6zyw

MORE ABOUT ELECTRIFYING.COM
Electrifying.com is the #1 destination for electric car reviews, explainers and guides. Founded by Ginny Buckley, we bring you the latest updates on EVs and in-depth reviews of the hottest new models. Whether you’re switching to electric or just curious, our plain-English guides and expert advice make it easy to navigate the world of electric cars. Stay informed, make confident decisions, and join the electric revolution with Electrifying.com!

#ElectricCars #EVReviews #SwitchToElectric #GinnyBuckley #NicolaHume #NickiShields #TomBarnard",863.0,False
Tsg5HlgUppA,Dodge Charger Daytona EV vs. Dodge Challenger: Electric Performance or V8 Personality?,2025-04-04T13:00:50Z,https://www.youtube.com/watch?v=Tsg5HlgUppA,114546.0,NEGATIVE,0.99,"When Dodge announced that the Charger was going fully electric, reactions were … mixed, to put it lightly. Would the Charger Daytona’s electric powertrain be able to live up to the iconic V8s of Dodge muscle cars past? In this video, Edmunds’ Brian Wong compares the brand-new Dodge Charger Daytona Scat Pack with the tried-and-true Dodge Challenger Scat Pack to find out which is the better muscle car.

00:00 Intro
01:08 The Numbers
04:42 Challenger Driving Impressions
08:29 Charger Driving Impressions
12:41 Interior
15:25 Edmunds' Take

Subscribe to Edmunds https://www.youtube.com/user/edmundsvideo?sub_confirmation=1 for the latest car news, car reviews, car comparisons, car shopping and advice. 

Visit us! https://www.edmunds.com",1063.0,False
nwfTZrzAx2c,Channel 7 Lies Exposed: The Truth About My EV Fight with Australian Media,2025-04-08T00:05:43Z,https://www.youtube.com/watch?v=nwfTZrzAx2c,96774.0,NEGATIVE,0.986,"Channel 7 Lies Exposed: The Truth About My EV Fight with Australian Media

The best solar company in Australia just installed my new solar system. 
Check them out here: https://www.resinc.com.au/electricviking

I use Starlink internet to upload all of my videos, use my referral link here: https://www.starlink.com/residential?referral=RC-392400-91086-9

👇👇 Buy something and support The Electric Viking Store 👇👇
https://shop.theelectricviking.com/

Size guide and other help for the store 👇
https://theelectricviking.com/the-electric-viking-products-size-guide/

🔔 Subscribe and hit the notification bell! ► https://www.youtube.com/@electricviking?sub_confirmation=1

Join me on Patreon ► https://www.patreon.com/theelectricviking

Join as a member in The Electric Viking YouTube►
https://www.youtube.com/channel/UCjzi56cxvmEDwjo1Bd2Yxpg/join

Members-only videos (see videos before anyone else)►
https://www.youtube.com/playlist?list=UUMOjzi56cxvmEDwjo1Bd2Yxpg

See what happened to Shanna (Sam's wife): 
https://youtu.be/D6Ah4IC4TLA

The Electric Viking on other platforms: 
Spotify Podcasts ► https://open.spotify.com/show/7qDxQ2PDFC3KvJq5f7Oxih
If it's not available in your country, use this link: https://podcasters.spotify.com/pod/show/theelectricviking
Rumble ► https://rumble.com/c/TheElectricViking
Facebook page ► https://www.facebook.com/theelectricvikingfb
Facebook group ► https://www.facebook.com/groups/theevfbgroup/
X (Formerly known as Twitter) ► https://x.com/theevking
Instagram ► https://www.instagram.com/theelectricvking/
Pinterest ► https://www.pinterest.com/theelectricviking/
Telegram ► https://t.me/theelectricviking
TikTok ► https://tiktok.com/@theelectricviking 
Read my blog ► https://theelectricviking.com/blog/

👇 My Bali trip 👇
https://youtu.be/teGyu5zSaYI
 👇 Video about My Skateboard  👇
https://youtu.be/N9srJ1D2eGA

👇 Subscribe to my kids channel 👇
https://tinyurl.com/subscribetojackandcal

See more videos: 
Global mining company says renewables & electric vehicles saves them billions
https://youtu.be/ZdpAWm_9iA8

Renewables Go Beyond 100% in California - Solar & Wind Break Records
https://youtu.be/lZExdJjHwmA

America’s Risky Plan: Surrounding the Country with Floating Nuclear Reactors
https://youtu.be/D1QUEs58sro

China's largest OIL company says demand will crash because of EVs
https://youtu.be/gyzUQJsZv8A

EV boom causes oil consumption in China to fall sooner than expected
https://youtu.be/ST9shNcIYLM

VW will fire over 35,000 staff as German auto crisis hits breaking point
https://youtu.be/okKOH21fRgE

EVs with Semi Solid state batteries are about to arrive...
https://youtu.be/ya0fBplj1KE

Another country bans sale of new gas and diesel powered vehicles by 2035
https://youtu.be/eWbdrw5gYTI

VW Group & Porsche fight over which factories should be closed first
https://youtu.be/wRs1OCXjTrk

German media says Porsche SE facing up to $22 billion on VW Group losses
https://youtu.be/17MoGrqZeDM

Xiaomi's new YU7 SUV price revealed - legacy automakers should just give up
https://youtu.be/RGRtmrA-V-8

BYD’s reveals New Fang Cheng Bao Titanium 3 Electric SUV
https://youtu.be/fXyQzWyeFe4

Stanford: EV Batteries last 40% longer than expected in real world testing
https://youtu.be/uzKOXdHh6BI

Porsche shut 30% of dealers in China after quality problems damage brand
https://youtu.be/8big4b4DHMA

NEW $30,000 Tesla Model Q EV launching in less than 6 months time
https://youtu.be/XJeY-kiuv2A

Every NEW electric car coming to Australia in 2025 
https://youtu.be/0XFBgqZHD18

What happens when 3 Chinese EVs smash into each other at the same time
https://youtu.be/cuAsr32PW0M

China's EV sales data reveals just how bad things look for legacy auto
https://youtu.be/O2lbs80dwN8

#theuntoldtruth #australia #exposed 

 👇Reference to the news/charts & videos used in this video:
https://theconversation.com/media-power-why-the-full-story-of-murdoch-stokes-and-the-liberal-leadership-spill-needs-to-be-told-103522 https://www.youtube.com/watch?v=UokhfaYm8AY&t=6s https://www.news.com.au/entertainment/tv/current-affairs/channel-7-reporter-and-ev-influencer-square-up-during-heated-argument/news-story/681fac91021ad465401bfdd14dbe05a5

This channel may use some copyrighted materials without specific authorization of the owner; but content used here falls under the “Fair Use” Copyright Disclaimer under Section 107 of the Copyright Act 1976. 

Allowance is made for ""fair use"" for purposes such as criticism, comment, news reporting, teaching, scholarship, and research. Fair use is a use permitted by copyright statute that might otherwise be infringing. Non-profit, educational or personal use tips the balance in favor of fair use.

Contact us for any copyright issues. If you want a credit of any footage we are using, please let us know. 

Website: https://theelectricviking.com/contact/
Email: contact@theelectricviking.com",1143.0,False
3J7VZjZ611w,NEW MG S5 review – an SUV bargain? | What Car?,2025-03-26T16:00:04Z,https://www.youtube.com/watch?v=3J7VZjZ611w,69356.0,NEGATIVE,0.995,"In this new MG S5 review, we look at whether this all-new SUV is a brilliant bargain choice – or are there better options out there? Watch to find out!

Save thousands on your next new car with What Car? at https://www.whatcar.com/new-car-deals/

New videos are uploaded to What Car? each week. Don't miss a single one. Subscribe now: https://bit.ly/2Obgxjd

Visit our website at https://www.whatcar.com/

New videos are uploaded to the What Car? channel every week. Subscribe now so you don't miss a single one: https://www.youtube.com/whatcar

What Car? is the UK's biggest car-buying brand and has been helping buyers for more than 50 years. Our tests are widely regarded as the most independent and in-depth. 

Our YouTube channel brings you trusted reviews on all types of car, plus car news, reveals and features.

In-depth written reviews are available on our website whatcar.com, where you'll also find advice features and the latest new and used car deals.

Follow What Car? here: 
LIKE What Car? on Facebook: https://goo.gl/yv5jF8
FOLLOW What Car? on Twitter: https://goo.gl/SJzmT8

Check out our full video catalog: https://bit.ly/2W81iu9",1152.0,False
lofFhVoDHB8,MGS5: The Ultimate CHEAP Electric SUV?,2025-04-15T11:01:12Z,https://www.youtube.com/watch?v=lofFhVoDHB8,64443.0,NEGATIVE,0.812,"Jack checks out the new MG S5 – is this the ultimate affordable electric SUV? With a competitive price and improvements, is this the car from MG that we have all been waiting for?

00:00 – Introduction 
01:30 – Design 
02:50 – Duracell energy advert 
03:55 – Design 
04:20 – Boot space
04:50 – Battery & Range 
05:20 – Cost 
06:40 – Interior 
08:50 – Test drive 
12:20 – Is this the ultimate affordable electric SUV?

This episode is sponsored by Duracell Energy!

Enter the Free Prize Draw to WIN your own Duracell Energy bunny here: https://www.duracellenergy.com/givaway/

Get a free quote for solar and battery from Duracell Energy here: https://bit.ly/3Qvm7Ow

Free Prize Draw Terms & Conditions can be found here: https://www.duracellenergy.com/wp-content/uploads/2025/01/Prize-Draw-2025-Puredrive-Energy-Ltd.pdf

Why not come and join us at our next Everything Electric expo: https://everythingelectric.show

Check out our sister channel: https://www.youtube.com/@EverythingElectricShow

Why are our episodes now sponsored?
https://fullycharged.show/blog/dan-caesar-on-x-insta-youtube-and-why-we-made-a-contro[…]s-on-fully-charged-everything-electric-electric-vehicles-uk/

Support our StopBurningStuff campaign: https://www.patreon.com/STOPBurningStuff

Become a Fully Charged SHOW Patreon: https://www.patreon.com/fullychargedshow

Become a YouTube member: use JOIN button above

Buy the Fully Charged Guide to Electric Vehicles & Clean Energy : https://buff.ly/2GybGt0

Subscribe for episode alerts and the Fully Charged newsletter: https://fullycharged.show/zap-sign-up/

Visit: https://FullyCharged.Show

Find us on X: https://x.com/Everyth1ngElec

Follow us on Instagram: https://instagram.com/fullychargedshow

To partner, exhibit or sponsor at our award-winning expos email: commercial@fullycharged.show

Everything Electric LONDON (UK) - ExCel - 16th, 17th & 18th April 2025
Everything Electric CANADA - Vancouver Convention Center - 5th, 6th & 7th September 2025
Everything Electric SOUTH (UK) - Farnborough International - 10th, 11th & 12th October 2025
Everything Electric AUSTRALIA VIC  - 14th, 15th & 16th November 2025

 #fullychargedshow #everythingelectricshow #homeenergy #cleanenergy #battery #electriccars #electricvehicles",831.0,False
2swTUOpHDS4,Rivian’s CEO explains why China KILLING America in EV quality and price,2025-04-12T21:30:01Z,https://www.youtube.com/watch?v=2swTUOpHDS4,59314.0,NEGATIVE,0.994,"Rivian’s CEO explains why China KILLING America in EV quality and price

The best solar company in Australia just installed my new solar system. 
Check them out here: https://www.resinc.com.au/electricviking

I use Starlink internet to upload all of my videos, use my referral link here: https://www.starlink.com/residential?referral=RC-392400-91086-9

👇👇 Buy something and support The Electric Viking Store 👇👇
https://shop.theelectricviking.com/

Size guide and other help for the store 👇
https://theelectricviking.com/the-electric-viking-products-size-guide/

🔔 Subscribe and hit the notification bell! ► https://www.youtube.com/@electricviking?sub_confirmation=1

Join me on Patreon ► https://www.patreon.com/theelectricviking

Join as a member in The Electric Viking YouTube►
https://www.youtube.com/channel/UCjzi56cxvmEDwjo1Bd2Yxpg/join

Members-only videos (see videos before anyone else)►
https://www.youtube.com/playlist?list=UUMOjzi56cxvmEDwjo1Bd2Yxpg

See what happened to Shanna (Sam's wife): 
https://youtu.be/D6Ah4IC4TLA

The Electric Viking on other platforms: 
Spotify Podcasts ► https://open.spotify.com/show/7qDxQ2PDFC3KvJq5f7Oxih
If it's not available in your country, use this link: https://podcasters.spotify.com/pod/show/theelectricviking
Rumble ► https://rumble.com/c/TheElectricViking
Facebook page ► https://www.facebook.com/theelectricvikingfb
Facebook group ► https://www.facebook.com/groups/theevfbgroup/
X (Formerly known as Twitter) ► https://x.com/theevking
Instagram ► https://www.instagram.com/theelectricvking/
Pinterest ► https://www.pinterest.com/theelectricviking/
Telegram ► https://t.me/theelectricviking
TikTok ► https://tiktok.com/@theelectricviking 
Read my blog ► https://theelectricviking.com/blog/

👇 My Bali trip 👇
https://youtu.be/teGyu5zSaYI
 👇 Video about My Skateboard  👇
https://youtu.be/N9srJ1D2eGA

👇 Subscribe to my kids channel 👇
https://tinyurl.com/subscribetojackandcal

See more videos: 
Global mining company says renewables & electric vehicles saves them billions
https://youtu.be/ZdpAWm_9iA8

Renewables Go Beyond 100% in California - Solar & Wind Break Records
https://youtu.be/lZExdJjHwmA

America’s Risky Plan: Surrounding the Country with Floating Nuclear Reactors
https://youtu.be/D1QUEs58sro

China's largest OIL company says demand will crash because of EVs
https://youtu.be/gyzUQJsZv8A

EV boom causes oil consumption in China to fall sooner than expected
https://youtu.be/ST9shNcIYLM

VW will fire over 35,000 staff as German auto crisis hits breaking point
https://youtu.be/okKOH21fRgE

EVs with Semi Solid state batteries are about to arrive...
https://youtu.be/ya0fBplj1KE

Another country bans sale of new gas and diesel powered vehicles by 2035
https://youtu.be/eWbdrw5gYTI

VW Group & Porsche fight over which factories should be closed first
https://youtu.be/wRs1OCXjTrk

German media says Porsche SE facing up to $22 billion on VW Group losses
https://youtu.be/17MoGrqZeDM

Xiaomi's new YU7 SUV price revealed - legacy automakers should just give up
https://youtu.be/RGRtmrA-V-8

BYD’s reveals New Fang Cheng Bao Titanium 3 Electric SUV
https://youtu.be/fXyQzWyeFe4

Stanford: EV Batteries last 40% longer than expected in real world testing
https://youtu.be/uzKOXdHh6BI

Porsche shut 30% of dealers in China after quality problems damage brand
https://youtu.be/8big4b4DHMA

NEW $30,000 Tesla Model Q EV launching in less than 6 months time
https://youtu.be/XJeY-kiuv2A

Every NEW electric car coming to Australia in 2025 
https://youtu.be/0XFBgqZHD18

What happens when 3 Chinese EVs smash into each other at the same time
https://youtu.be/cuAsr32PW0M

China's EV sales data reveals just how bad things look for legacy auto
https://youtu.be/O2lbs80dwN8

#rivian #china #america #price #quality #manufacturing #evnews 

 👇Reference to the news/charts & videos used in this video:
https://electrek.co/2025/03/31/rivian-ceo-why-china-leads-evs-how-the-us-can-catch-up/

This channel may use some copyrighted materials without specific authorization of the owner; but content used here falls under the “Fair Use” Copyright Disclaimer under Section 107 of the Copyright Act 1976. 

Allowance is made for ""fair use"" for purposes such as criticism, comment, news reporting, teaching, scholarship, and research. Fair use is a use permitted by copyright statute that might otherwise be infringing. Non-profit, educational or personal use tips the balance in favor of fair use.

Contact us for any copyright issues. If you want a credit of any footage we are using, please let us know. 

Website: https://theelectricviking.com/contact/
Email: contact@theelectricviking.com",530.0,False
fxVucc2fX-w,Electric Vehicle Explosion Kills Two Firefighters in Spain,2025-04-04T13:01:07Z,https://www.youtube.com/watch?v=fxVucc2fX-w,47060.0,NEGATIVE,0.999,"Book Training: https://www.stachedtraining.com

Two firefighters are dead after a Porsche Taycan caught fire in an underground garage in Alcorcón, Spain. The incident happened on April 2, 2025. What started as a low-speed crash turned into a deadly electric vehicle explosion. In this video, I break down what we know so far about the incident, the hazards of lithium-ion batteries in confined spaces, and why EV fires in underground garages are a worst-case scenario.",330.0,False
e3CDw13Oo_I,BYD Launches Crazy Cheap EV to Battle Xpeng’s Best-Seller!,2025-03-29T05:45:02Z,https://www.youtube.com/watch?v=e3CDw13Oo_I,27457.0,NEGATIVE,0.988,"BYD Launches Crazy Cheap EV to Battle Xpeng’s Best-Seller!

The best solar company in Australia just installed my new solar system. 
Check them out here: https://www.resinc.com.au/electricviking

I use Starlink internet to upload all of my videos, use my referral link here: https://www.starlink.com/residential?referral=RC-392400-91086-9

👇👇 Buy something and support The Electric Viking Store 👇👇
https://shop.theelectricviking.com/

Size guide and other help for the store 👇
https://theelectricviking.com/the-electric-viking-products-size-guide/

🔔 Subscribe and hit the notification bell! ► https://www.youtube.com/@electricviking?sub_confirmation=1

Join me on Patreon ► https://www.patreon.com/theelectricviking

Join as a member in The Electric Viking YouTube►
https://www.youtube.com/channel/UCjzi56cxvmEDwjo1Bd2Yxpg/join

Members-only videos (see videos before anyone else)►
https://www.youtube.com/playlist?list=UUMOjzi56cxvmEDwjo1Bd2Yxpg

See what happened to Shanna (Sam's wife): 
https://youtu.be/D6Ah4IC4TLA

The Electric Viking on other platforms: 
Spotify Podcasts ► https://open.spotify.com/show/7qDxQ2PDFC3KvJq5f7Oxih
If it's not available in your country, use this link: https://podcasters.spotify.com/pod/show/theelectricviking
Rumble ► https://rumble.com/c/TheElectricViking
Facebook page ► https://www.facebook.com/theelectricvikingfb
Facebook group ► https://www.facebook.com/groups/theevfbgroup/
X (Formerly known as Twitter) ► https://x.com/theevking
Instagram ► https://www.instagram.com/theelectricvking/
Pinterest ► https://www.pinterest.com/theelectricviking/
Telegram ► https://t.me/theelectricviking
TikTok ► https://tiktok.com/@theelectricviking 
Read my blog ► https://theelectricviking.com/blog/

👇 My Bali trip 👇
https://youtu.be/teGyu5zSaYI
 👇 Video about My Skateboard  👇
https://youtu.be/N9srJ1D2eGA

👇 Subscribe to my kids channel 👇
https://tinyurl.com/subscribetojackandcal

See more videos: 
Tesla’s New Production Line is Mind-Blowing – A Car Every 5 Seconds!
https://youtu.be/pIypBvQ8JC8

Sun-Powered Machine Sucks CO2 From Air – Major Breakthrough Revealed!
https://youtu.be/M9rUPGfDQQ4

Battery Recycling Revolution: Cheaper, Cleaner Way to Recover Critical Metals!
https://youtu.be/6vPNTLz9F08

Major EV Giant Promises 900 mile range Solid-State Battery Cars in 2026!
https://youtu.be/VTKgDGySQjk

China is transforming at the fastest pace in history - EV sales grow 95%
https://youtu.be/C7EAe3vPqwc

Ford CEO furious, says Trump’s insane Tariffs are Causing utter ‘Chaos’
https://youtu.be/14Vp2ljm5Hc

UK firm recycles 97% lithium from old EV batteries using new method
https://youtu.be/PHvBXeTRroU

Ford’s triples Mach-E EV sales, but demand for Gas Mustang crashes
https://youtu.be/z98k2JU843g

EV sales break records in America - hit new highs in January
https://youtu.be/WdzgIcJ0cbw

Sentiment in Germany’s auto industry hits record low; more factories shutdown
https://youtu.be/F3wQW46pfcQ

VW prepares to hand its German factories over to Chinese carmakers
https://youtu.be/89GrNlSXsmc

Volvo rides skyrocketing EV sales surge to record global sales
https://youtu.be/Dqw_j4DXIbU

Worlds biggest Electric Car winter range test in 2025 - 24 EVs compared
https://youtu.be/mxldWBW3C64

After profit crashes, Nissan now must triple profits to be saved by Honda
https://youtu.be/VktV_P4Cm80

Nissan Leaf gets CRAZY $20,000 discount = like owning 4 Tesla powerwalls!
https://youtu.be/qEGZPRqt7Ig

Ford’s Mustang Mach-E Outsells Gas Mustang as Ford's EV sales skyrocket
https://youtu.be/LkqLUlliUTk

Why Ford, GM and Toyota just donated millions to Donald Trump
https://youtu.be/38F8JFRoDy8

Ford breaks all time electric car sales RECORD in North America
https://youtu.be/lzzQNeBPGUE

#byd #xpeng #bestseller #cheapev #battle #manufacturing #evnews 

 👇Reference to the news/charts & videos used in this video:
https://cnevpost.com/2025/03/23/byd-launches-qin-l-ev/ https://carnewschina.com/2025/03/23/byd-qin-l-ev-with-gods-eye-c-and-545-km-range-enters-market-starting-at-16500-usd/

This channel may use some copyrighted materials without specific authorization of the owner; but content used here falls under the “Fair Use” Copyright Disclaimer under Section 107 of the Copyright Act 1976. 

Allowance is made for ""fair use"" for purposes such as criticism, comment, news reporting, teaching, scholarship, and research. Fair use is a use permitted by copyright statute that might otherwise be infringing. Non-profit, educational or personal use tips the balance in favor of fair use.

Contact us for any copyright issues. If you want a credit of any footage we are using, please let us know. 

Website: https://theelectricviking.com/contact/
Email: contact@theelectricviking.com",544.0,False
5VeVfFCFbzY,An MOT Emissions Test Now For Electric Cars!,2025-04-01T05:00:04Z,https://www.youtube.com/watch?v=5VeVfFCFbzY,26469.0,NEGATIVE,0.995,"Can you believe what they're doing now!?!?

2nd Channel: https://www.youtube.com/@drivingohm  
Website: https://www.ev-man.co.uk
Twitter: https://twitter.com/evmanuk
Tesla Referral: https://ts.la/andrew31112
Octopus Referral: https://share.octopus.energy/ore-cobra-425

#carreview #electriccar #kiaev3",335.0,False
WFsEejGb2vQ,2025 Porsche Macan Electric | Review & Road Test,2025-04-14T14:00:53Z,https://www.youtube.com/watch?v=WFsEejGb2vQ,26348.0,NEGATIVE,0.959,"Porsche introduces another EV to their lineup, but this one is the all-electric version of their Macan. Does it still have that Porsche flare? Check out Mike Danger's Review to find out! #2025 #Porsche #Macan #EV #SUV #KBB

Follow: https://www.instagram.com/kbb_com

00:00 2025 Porsche Macan Electric Review
00:21 Exterior changes
01:10 Passenger space & seating
03:08 Cargo volume
03:35 Interior impressions & features
05:00 Powertrain options & specs
05:31 Driving impressions & performance
06:37 Range & charging
10:53 Pricing

About Kelley Blue Book: https://kbb.com is the trusted resource for fun and informative new car review videos, comparison tests, & auto show coverage. For anyone who is shopping for or simply loves cars, trucks, SUVs, and minivans, KBB is here to help.",780.0,False
lxSPTdRB0V0,EV Batteries Degrade in Just 5 Years? | Learns Car Series,2025-04-10T08:00:46Z,https://www.youtube.com/watch?v=lxSPTdRB0V0,24213.0,NEGATIVE,0.999,"The 1,000+ comments from my latest two videos on YouTube revolve largely about the cons, the impracticality and even the danger of owning an EV, especially in Singapore.

And this topic keeps coming up – EV batteries degradation.

So I thought of sharing what I’ve researched about EV battery technology, and debunking a few myths at the same time.

#BYDSEAL #BYD #EV #VideoProduction #CarReview",1106.0,False
YHbQ7-w73E0,I Investigated The New Traore Electric Cars In Burkina Faso (Ouagadougou),2025-04-08T16:18:33Z,https://www.youtube.com/watch?v=YHbQ7-w73E0,17194.0,NEGATIVE,0.984,"I Investigated The New Traore Electric Cars In Burkina Faso (Ouagadougou) Is a video where i traveled to burkina faso in search of the new electric cars rumored to be manufactured in burkina faso 

#ouagadougou  #burkinafaso  #africa  #lagosnigeria 

By Me A Coffee (Support My Travel):
https://buymeacoffee.com/menapolee",1195.0,False
FZHeEmuUxa0,Electric Car prices are about to skyrocket in the United States,2025-03-28T08:00:21Z,https://www.youtube.com/watch?v=FZHeEmuUxa0,16684.0,NEGATIVE,0.954,"Electric Car prices are about to skyrocket in the United States

The best solar company in Australia just installed my new solar system. 
Check them out here: https://www.resinc.com.au/electricviking

I use Starlink internet to upload all of my videos, use my referral link here: https://www.starlink.com/residential?referral=RC-392400-91086-9

👇👇 Buy something and support The Electric Viking Store 👇👇
https://shop.theelectricviking.com/

Size guide and other help for the store 👇
https://theelectricviking.com/the-electric-viking-products-size-guide/

🔔 Subscribe and hit the notification bell! ► https://www.youtube.com/@electricviking?sub_confirmation=1

Join me on Patreon ► https://www.patreon.com/theelectricviking

Join as a member in The Electric Viking YouTube►
https://www.youtube.com/channel/UCjzi56cxvmEDwjo1Bd2Yxpg/join

Members-only videos (see videos before anyone else)►
https://www.youtube.com/playlist?list=UUMOjzi56cxvmEDwjo1Bd2Yxpg

See what happened to Shanna (Sam's wife): 
https://youtu.be/D6Ah4IC4TLA

The Electric Viking on other platforms: 
Spotify Podcasts ► https://open.spotify.com/show/7qDxQ2PDFC3KvJq5f7Oxih
If it's not available in your country, use this link: https://podcasters.spotify.com/pod/show/theelectricviking
Rumble ► https://rumble.com/c/TheElectricViking
Facebook page ► https://www.facebook.com/theelectricvikingfb
Facebook group ► https://www.facebook.com/groups/theevfbgroup/
X (Formerly known as Twitter) ► https://x.com/theevking
Instagram ► https://www.instagram.com/theelectricvking/
Pinterest ► https://www.pinterest.com/theelectricviking/
Telegram ► https://t.me/theelectricviking
TikTok ► https://tiktok.com/@theelectricviking 
Read my blog ► https://theelectricviking.com/blog/

👇 My Bali trip 👇
https://youtu.be/teGyu5zSaYI
 👇 Video about My Skateboard  👇
https://youtu.be/N9srJ1D2eGA

👇 Subscribe to my kids channel 👇
https://tinyurl.com/subscribetojackandcal

See more videos: 
Tesla Wins Big Under Trump's New 25% Tariffs – Most American-Made Cars!
https://youtu.be/_3GmF8wl8rQ

The 10 Car companies that are now SCREWED in America
https://youtu.be/K7bP4rPpNZE

Europe FURIOUS at America, SLAM'S Auto industry tariffs
https://youtu.be/6lFWcvjcahY

Electric cars hit pivot point in Brazil as sales skyrocket 55%
https://youtu.be/CZwI7mZKnzc

Tesla’s New Production Line is Mind-Blowing – A Car Every 5 Seconds!
https://youtu.be/pIypBvQ8JC8

Sun-Powered Machine Sucks CO2 From Air – Major Breakthrough Revealed!
https://youtu.be/M9rUPGfDQQ4

Battery Recycling Revolution: Cheaper, Cleaner Way to Recover Critical Metals!
https://youtu.be/6vPNTLz9F08

Major EV Giant Promises 900 mile range Solid-State Battery Cars in 2026!
https://youtu.be/VTKgDGySQjk

China is transforming at the fastest pace in history - EV sales grow 95%
https://youtu.be/C7EAe3vPqwc

Ford CEO furious, says Trump’s insane Tariffs are Causing utter ‘Chaos’
https://youtu.be/14Vp2ljm5Hc

UK firm recycles 97% lithium from old EV batteries using new method
https://youtu.be/PHvBXeTRroU

Ford’s triples Mach-E EV sales, but demand for Gas Mustang crashes
https://youtu.be/z98k2JU843g

EV sales break records in America - hit new highs in January
https://youtu.be/WdzgIcJ0cbw

Sentiment in Germany’s auto industry hits record low; more factories shutdown
https://youtu.be/F3wQW46pfcQ

VW prepares to hand its German factories over to Chinese carmakers
https://youtu.be/89GrNlSXsmc

Volvo rides skyrocketing EV sales surge to record global sales
https://youtu.be/Dqw_j4DXIbU

Worlds biggest Electric Car winter range test in 2025 - 24 EVs compared
https://youtu.be/mxldWBW3C64

After profit crashes, Nissan now must triple profits to be saved by Honda
https://youtu.be/VktV_P4Cm80

Nissan Leaf gets CRAZY $20,000 discount = like owning 4 Tesla powerwalls!
https://youtu.be/qEGZPRqt7Ig

#elonmusk #electriccar #price #unitedstates #skyrocket #donaldtrump #tesla 

 👇Reference to the news/charts & videos used in this video:
https://electrek.co/2025/03/26/trump-imposes-tariffs-on-all-car-imports-here-where-all-evs-available-in-the-us-come-from/

This channel may use some copyrighted materials without specific authorization of the owner; but content used here falls under the “Fair Use” Copyright Disclaimer under Section 107 of the Copyright Act 1976. 

Allowance is made for ""fair use"" for purposes such as criticism, comment, news reporting, teaching, scholarship, and research. Fair use is a use permitted by copyright statute that might otherwise be infringing. Non-profit, educational or personal use tips the balance in favor of fair use.

Contact us for any copyright issues. If you want a credit of any footage we are using, please let us know. 

Website: https://theelectricviking.com/contact/
Email: contact@theelectricviking.com",559.0,False
CtQzbHhgo1c,WARNING China's Electric Vehicles Are Going To Bankrupt Detroit,2025-04-04T22:11:25Z,https://www.youtube.com/watch?v=CtQzbHhgo1c,15008.0,NEGATIVE,0.998,"It happened very quickly, so fast that you might not have noticed it. Over the past few months, America’s Big Three automakers — Ford, General Motors, and Stellantis (the oddly named company that owns Dodge, Chrysler and Jeep) — landed in big trouble. Tesla is actually one of the Big 3 US car makers as Stellantis is now based in Belgium.

I realize this may sound silly. Ford, General Motors, and Stellantis made billions in profits last year, even after a lengthy strike by UAW autoworkers, and all three companies are forecasting a big 2024. But recently, the Big Three found themselves outmaneuvered and missing their goals for electric vehicle sales at the same time that a crop of new affordable, electrified foreign cars appeared, ready to flood the global market. Possibly from China, if they are allowed to import them into the US.

The biggest threat to the Big Three comes from a new crop of Chinese automakers, especially BYD, which specialize in producing plug-in hybrid and fully electric vehicles. 

Thanks for watching!

➡️ Looking for car reviews? https://youtube.com/@car-smarts

➡️ Buy me a cup of coffee: https://www.buymeacoffee.com/laurenfix

➡️ Listen to the Total Car Score Podcast: https://www.revolverpodcasts.com/shows/total-car-score/

➡️ Social media:
X: https://twitter.com/laurenfix
FB: https://www.facebook.com/Lauren.Fix.The.Car.Coach
IG: https://www.instagram.com/laurenfix/
Gettr: https://gettr.com/user/laurenfix
Rumble: https://rumble.com/c/c-625957
Truth: https://truthsocial.com/@laurenfix
Substack: https://carcoachreports.substack.com/

➡️ Check out our website: https://www.CarCoachReports.com

➡️ Get the Book: Lauren Fix's Guide to Loving Your Car: https://amzn.to/3ifDi3j

SUPPORT INDEPENDENT CREATORS
The Fix Family has taken generations of passion, pride, & automotive expertise to create unique auto products & books that will keep you, your family, & your cars safer and running better for years to come.  

©Automotive Aspects, Inc., 2025. All Rights Reserved.
#news #cars #china #tariffs #byd",484.0,False
YDCg_Jf27rQ,MERCEDES RECALL 37000 EQB EV’S ‘BECAUSE THEY CATCH FIRE’ EVEN WHILST PARKED!!!!,2025-04-10T16:17:58Z,https://www.youtube.com/watch?v=YDCg_Jf27rQ,13419.0,NEGATIVE,0.98,"I keep getting told “but Tone they don’t catch fire”

And I keep getting told I must work for the oil industry 😂😂😂

And I keep getting told I spread ‘misinformation’ which is a new word for ‘you said something I don’t agree with’

But then people keep sending me these stories and they keep turning out to be 100% true

Now it’s Mercedes turn to recall 37000 milk floats because they might catch fire

But they don’t catch fire Tone!!!!!

Course they don’t, car manufacturers just recall thousands of cars for fun costing them millions 

Course they do

#futuremyarse #electriccar #evcars",451.0,False
CZwI7mZKnzc,Electric cars hit pivot point in Brazil as sales skyrocket 55%,2025-03-26T21:00:15Z,https://www.youtube.com/watch?v=CZwI7mZKnzc,11531.0,NEGATIVE,0.567,"Electric cars hit pivot point in Brazil as sales skyrocket 55%

The best solar company in Australia just installed my new solar system. 
Check them out here: https://www.resinc.com.au/electricviking

I use Starlink internet to upload all of my videos, use my referral link here: https://www.starlink.com/residential?referral=RC-392400-91086-9

👇👇 Buy something and support The Electric Viking Store 👇👇
https://shop.theelectricviking.com/

Size guide and other help for the store 👇
https://theelectricviking.com/the-electric-viking-products-size-guide/

🔔 Subscribe and hit the notification bell! ► https://www.youtube.com/@electricviking?sub_confirmation=1

Join me on Patreon ► https://www.patreon.com/theelectricviking

Join as a member in The Electric Viking YouTube►
https://www.youtube.com/channel/UCjzi56cxvmEDwjo1Bd2Yxpg/join

Members-only videos (see videos before anyone else)►
https://www.youtube.com/playlist?list=UUMOjzi56cxvmEDwjo1Bd2Yxpg

See what happened to Shanna (Sam's wife): 
https://youtu.be/D6Ah4IC4TLA

The Electric Viking on other platforms: 
Spotify Podcasts ► https://open.spotify.com/show/7qDxQ2PDFC3KvJq5f7Oxih
If it's not available in your country, use this link: https://podcasters.spotify.com/pod/show/theelectricviking
Rumble ► https://rumble.com/c/TheElectricViking
Facebook page ► https://www.facebook.com/theelectricvikingfb
Facebook group ► https://www.facebook.com/groups/theevfbgroup/
X (Formerly known as Twitter) ► https://x.com/theevking
Instagram ► https://www.instagram.com/theelectricvking/
Pinterest ► https://www.pinterest.com/theelectricviking/
Telegram ► https://t.me/theelectricviking
TikTok ► https://tiktok.com/@theelectricviking 
Read my blog ► https://theelectricviking.com/blog/

👇 My Bali trip 👇
https://youtu.be/teGyu5zSaYI
 👇 Video about My Skateboard  👇
https://youtu.be/N9srJ1D2eGA

👇 Subscribe to my kids channel 👇
https://tinyurl.com/subscribetojackandcal

See more videos: 
Tesla’s New Production Line is Mind-Blowing – A Car Every 5 Seconds!
https://youtu.be/pIypBvQ8JC8

Sun-Powered Machine Sucks CO2 From Air – Major Breakthrough Revealed!
https://youtu.be/M9rUPGfDQQ4

Battery Recycling Revolution: Cheaper, Cleaner Way to Recover Critical Metals!
https://youtu.be/6vPNTLz9F08

Major EV Giant Promises 900 mile range Solid-State Battery Cars in 2026!
https://youtu.be/VTKgDGySQjk

China is transforming at the fastest pace in history - EV sales grow 95%
https://youtu.be/C7EAe3vPqwc

Ford CEO furious, says Trump’s insane Tariffs are Causing utter ‘Chaos’
https://youtu.be/14Vp2ljm5Hc

UK firm recycles 97% lithium from old EV batteries using new method
https://youtu.be/PHvBXeTRroU

Ford’s triples Mach-E EV sales, but demand for Gas Mustang crashes
https://youtu.be/z98k2JU843g

EV sales break records in America - hit new highs in January
https://youtu.be/WdzgIcJ0cbw

Sentiment in Germany’s auto industry hits record low; more factories shutdown
https://youtu.be/F3wQW46pfcQ

VW prepares to hand its German factories over to Chinese carmakers
https://youtu.be/89GrNlSXsmc

Volvo rides skyrocketing EV sales surge to record global sales
https://youtu.be/Dqw_j4DXIbU

Worlds biggest Electric Car winter range test in 2025 - 24 EVs compared
https://youtu.be/mxldWBW3C64

After profit crashes, Nissan now must triple profits to be saved by Honda
https://youtu.be/VktV_P4Cm80

Nissan Leaf gets CRAZY $20,000 discount = like owning 4 Tesla powerwalls!
https://youtu.be/qEGZPRqt7Ig

Ford’s Mustang Mach-E Outsells Gas Mustang as Ford's EV sales skyrocket
https://youtu.be/LkqLUlliUTk

Why Ford, GM and Toyota just donated millions to Donald Trump
https://youtu.be/38F8JFRoDy8

Ford breaks all time electric car sales RECORD in North America
https://youtu.be/lzzQNeBPGUE

#brazil #pivot #evsales #evnews #byd #manufacturing 

 👇Reference to the news/charts & videos used in this video:
https://cleantechnica.com/2025/03/21/brazil-ev-sales-report-in-february-for-5-months-in-a-row-ev-sales-surpassed-10000/

This channel may use some copyrighted materials without specific authorization of the owner; but content used here falls under the “Fair Use” Copyright Disclaimer under Section 107 of the Copyright Act 1976. 

Allowance is made for ""fair use"" for purposes such as criticism, comment, news reporting, teaching, scholarship, and research. Fair use is a use permitted by copyright statute that might otherwise be infringing. Non-profit, educational or personal use tips the balance in favor of fair use.

Contact us for any copyright issues. If you want a credit of any footage we are using, please let us know. 

Website: https://theelectricviking.com/contact/
Email: contact@theelectricviking.com",490.0,False
SNag4j0nmKU,"China’s EV shame: the deadly reality behind the ‘clean, green’ electric vehicles | FULL DOCUMENTARY",2025-04-07T14:08:06Z,https://www.youtube.com/watch?v=SNag4j0nmKU,502031.0,NEGATIVE,0.865,"#electricvehicles  #EVcon #EVTruth #china  #dirtynickel #nickel #spotlight  #electriccars #morowali #wedabay #uncontactedtribe #indonesia 

In a world-exclusive investigation, reporter Liam Bartlett uncovers the dirty truth behind so-called 'clean, green' electric vehicles and how China is getting away with causing a toxic environmental catastrophe.

*Connect with 7NEWS Spotlight online*
*Visit »* https://7news.com.au/spotlight
*7NEWS Spotlight Podcast »* http://smarturl.it/7NewsSpotlight
*Facebook »* https://www.facebook.com/7newsSpotlight/
*Instagram »* https://instagram.com/7newsSpotlight/

7NEWS combines the trusted and powerful news brands including Sunrise, The Morning Show, The Latest, and 7NEWS.com.au, delivering unique, engaging and continuous coverage on the issues that matter most to Australians. Watch 7NEWS nightly at 6pm and weekdays at 11:30am and 4pm on Channel 7 and 7plus.",2665.0,False
GCrCSLzqhAY,BYD CEO SAYS New Energy Vehicles Will Shakes the ENTIRE EV Industry,2025-04-12T04:19:49Z,https://www.youtube.com/watch?v=GCrCSLzqhAY,373500.0,NEGATIVE,0.946,"BYD: This New Energy Vehicle Will Destroy the ENTIRE Industry 🔥

BYD is changing the game. In this video, we dive deep into how BYD’s revolutionary new energy vehicles (NEVs) are not just competing—they're dominating. From cutting-edge battery technology to unbeatable pricing, BYD is set to disrupt the entire auto industry as we know it. Tesla, Toyota, BMW—watch out. This is the EV takeover no one saw coming.



#BYD #ElectricVehicles #EVRevolution #NewEnergyVehicles #BYDvsTesla #BYDElectricCar #BYDReview #BYDSeagull #BYDAtto3 #BYDDestroyingIndustry #EVMarket #FutureOfCars #CleanEnergy #GreenTech #AutoIndustryNews #TeslaKiller #ElectricCar2025 #ChinaEV #EVDisruption #BYDBoom",1602.0,False
3GUQdrpduo0,An unplanned trip from Chicago to Milwaukee in an electric car,2025-03-31T16:47:02Z,https://www.youtube.com/watch?v=3GUQdrpduo0,203500.0,NEGATIVE,0.983,In case anyone's wondering what it's actually like.,1721.0,False
RYuo2oyDQsM,Tesla Model Y vs. Honda Prologue vs. Hyundai Ioniq 5 vs. Chevy Equinox EV | Electric SUV Battle,2025-04-11T13:00:57Z,https://www.youtube.com/watch?v=RYuo2oyDQsM,190371.0,NEGATIVE,0.953,"The previous Tesla Model Y existed for years without much in the way of competition. With its new 2026 refresh, the Model Y is now better than ever, but so is the competition. In this midsize electric SUVs comparison test video, Edmunds’ Brian Wong puts the new Model Y up against its biggest competitors, including the Hyundai Ioniq 5, Chevy Equinox EV and Honda Prologue. 

00:00 Intro
00:58 Tesla Model Y
09:11 Hyundai Ioniq 5
13:52 Chevrolet Equinox EV
19:53 Honda Prologue EV
23:28 Edmunds' EV Range Test
24:50 Edmunds' Take

Subscribe to Edmunds https://www.youtube.com/user/edmundsvideo?sub_confirmation=1 for the latest car news, car reviews, car comparisons, car shopping and advice. 

Visit us! https://www.edmunds.com",1599.0,False
8TM5OzSum1I,"Mazda CEO: ""Our NEW Hybrid Engine Will Destroy The Entire EV Industry!""",2025-04-09T21:00:10Z,https://www.youtube.com/watch?v=8TM5OzSum1I,97125.0,NEGATIVE,0.958,"In the cutthroat arena of automotive engineering, where electric vehicles seem destined to reign supreme, one Japanese manufacturer is preparing to shatter expectations. Mazda - a company with a legacy of radical innovation - has been working in near-total secrecy on a solution that could revolutionize transportation. While competitors race toward fully electric futures, these engineers have been meticulously crafting something extraordinary, something that challenges the narrative of automotive progress. This isn't merely an incremental step forward but a potential paradigm shift that could redefine how we think about mobility, efficiency, and performance. With a history of defying conventional wisdom, Mazda is poised to prove that the future of transportation might look nothing like what we've been told to expect.",1623.0,False
OjMZz3EUb_c,"Toyota Just Revealed New $13,000 EV & DESTROYED Tesla Model Y",2025-03-25T16:00:34Z,https://www.youtube.com/watch?v=OjMZz3EUb_c,96659.0,NEGATIVE,0.997,"Toyota Just Revealed New $13,000 EV & Obliterated Tesla Model Y

🔔 Only YOU Can Help Us Hit 100K Subsscribers Before April Ends — Subscribe Now And Don’t Miss Anything👉 https://www.youtube.com/@GarageHeads

Join Our Free Newsletter For The Latest Auto News, Car Releases, And Expert DIY Tips To Save Big On Repairs And Maintenance!

🎁 Sign Up Now And Get A Free Ebook With Money-Saving Tips For Your Car Expenses! https://garageheads.systeme.io/landingpage
 
📧 For Business or Copyright matters please contact: Lucasfuturecars@gmail.com 
_________________________________________________________________
The electric vehicle price war has officially begun. Toyota’s bold move has set off a chain reaction that no automaker can ignore. For years, companies like Tesla, Ford, and Volkswagen dictated the rules, pricing electric vehicles at a premium and convincing buyers that affordability was out of reach. But Toyota has just shattered that illusion. Now, every automaker is facing a decision—either drop their prices or risk losing customers forever.
This is more than just a temporary shake-up. The moment one company lowers its prices, others are forced to follow. It’s a domino effect that could make electric vehicles not just competitive with gasoline-powered cars but outright cheaper. And if that happens, the last reason to buy a traditional vehicle disappears.
So, is this the tipping point that makes electric vehicles the new normal? Or is there an even bigger shift still to come?
_________________________________________________________________
🌐 We provide the latest updates and newest trend in the car industry
🛻The latest car reveals from the likes of toyota, ford, gm, jeep, dodge, ram and more
🔔 Subscribe Now With All Notifications On For More!
💙 Support Us Now and Stay Up To Date: https://www.youtube.com/@GarageHeads
_________________________________________________________________
❗ Copyright Disclaimers
➡️ We use images and content in accordance with the YouTube Fair Use copyright guidelines
➡️ Section 107 of the U.S. Copyright Act states: “Notwithstanding the provisions of sections 106 and 106A, the fair use of a copyrighted work, including such use by reproduction in copies or phonorecords or by any other means specified by that section, for purposes such as criticism, comment, news reporting, teaching (including multiple copies for classroom use), scholarship, or research, is not an infringement of copyright.” 
➡️This video could contain certain copyrighted video clips, pictures, or photographs that were not specifically authorized to be used by the copyright holder(s), but which we believe in good faith are protected by federal law and the fair use doctrine for one or more of the reasons noted above.

🔔 Subscribe Now With All Notifications On For More News and Updates From The Auto Industry   
🛻 Support Us Now and Stay Up To Date: https://www.youtube.com/@GarageHeads",1439.0,False
pjk7DF7vR2A,"GM Just Revealed New $12,000 EV & Obliterated Tesla Model Y",2025-03-27T16:01:06Z,https://www.youtube.com/watch?v=pjk7DF7vR2A,66629.0,NEGATIVE,0.984,"GM Just Revealed New $12,000 EV & Obliterated Tesla Model Y

Join Our Free Newsletter For The Latest Auto News, Car Releases, And Expert DIY Tips To Save Big On Repairs And Maintenance!

🎁 Sign Up Now And Get A Free Ebook With Money-Saving Tips For Your Car Expenses! https://garageheads.systeme.io/landingpage

🔔 Subscribe Now With All Notifications On For More News and Updates From The Auto Industry   
🛻 Support Us Now and Stay Up To Date: https://www.youtube.com/@GarageHeads
 
📧 For Business or Copyright matters please contact: Lucasfuturecars@gmail.com 
_________________________________________________________________
Everyone is saying: electric vehicles are either too expensive or too disappointing. But today, everything changes. General Motors has just revealed an electric vehicle that shatters expectations with a price tag of twelve thousand dollars. That is not a typo—twelve thousand dollars for a brand-new electric car. This is not just a budget-friendly alternative. It is a direct challenge to every major automaker, including the industry leader, Tesla.
No one saw this coming. Tesla has long dominated the electric vehicle market by positioning itself as a premium brand. Even its most affordable model, the one known as the Model Three, costs more than five times the price of General Motors' latest offering. While Tesla has focused on software, range, and performance, General Motors is taking a different approach—one that prioritizes affordability and accessibility.
This is not a concept car or a stripped-down, impractical vehicle. It is a real-world solution designed for everyday drivers. It is efficient, functional, and most importantly, attainable. But with a price this low, the biggest question remains—how well does it actually perform?
But does cheap mean slow? Let’s talk performance.
_________________________________________________________________
🌐 We provide the latest updates and newest trend in the car industry
🛻The latest car reveals from the likes of toyota, ford, gm, jeep, dodge, ram and more
🔔 Subscribe Now With All Notifications On For More!
💙 Support Us Now and Stay Up To Date: https://www.youtube.com/@GarageHeads
_________________________________________________________________
❗ Copyright Disclaimers
➡️ We use images and content in accordance with the YouTube Fair Use copyright guidelines
➡️ Section 107 of the U.S. Copyright Act states: “Notwithstanding the provisions of sections 106 and 106A, the fair use of a copyrighted work, including such use by reproduction in copies or phonorecords or by any other means specified by that section, for purposes such as criticism, comment, news reporting, teaching (including multiple copies for classroom use), scholarship, or research, is not an infringement of copyright.” 
➡️This video could contain certain copyrighted video clips, pictures, or photographs that were not specifically authorized to be used by the copyright holder(s), but which we believe in good faith are protected by federal law and the fair use doctrine for one or more of the reasons noted above.

🔔 Subscribe Now With All Notifications On For More News and Updates From The Auto Industry   
🛻 Support Us Now and Stay Up To Date: https://www.youtube.com/@GarageHeads",1436.0,False
0ZaFmCrq7AE,"Koenigsegg CEO: ""Our NEW Engine Will OBLITERATE The Entire EV Industry!""",2025-03-24T18:00:00Z,https://www.youtube.com/watch?v=0ZaFmCrq7AE,58475.0,NEGATIVE,0.987,"Koenigsegg CEO: ""Our NEW Engine Will OBLITERATE The Entire EV Industry!""

Some Automakers have pushed full electrification for years now. It will be the future and traditional engines will be out. What if they’re all wrong? Koenigsegg CEO, defying expectations, believes there’s a better way than just EV, announcing their new engine could change the entire industry overnight.",2095.0,False
41r9HKdt34Y,DODGE CHARGER EV IS SO BAD I TRIED TO BUY ONE! I CAN'T BELIEVE DODGE RELEASED THIS CAR!,2025-03-29T23:17:15Z,https://www.youtube.com/watch?v=41r9HKdt34Y,53163.0,NEGATIVE,0.999,"In this video I share my experience trying to buy/lease a 2025 Dodge Charger Daytona and all of the actual insane issues customers are reporting online.

Follow me on Instagram, Tiktok, and Facebook at OCMotivator 

Join this channel to get access to perks:
https://www.youtube.com/channel/UCs1CFDs_BcoaenPi9_-0fqQ/join",1343.0,False
qMDvfQe3KxQ,ELECTRIC CARS - I have A CONFESSION to make - I've been keeping something up my sleEVe!,2025-04-16T17:15:04Z,https://www.youtube.com/watch?v=qMDvfQe3KxQ,34018.0,NEGATIVE,0.996,"ELECTRIC CARS - I have A CONFESSION to make - I've been keeping something up my sleEVe!

#electriccars #electriccarcharging #electriccar #evs #evs 

Subscribe to The MacMaster
https://www.youtube.com/themacmaster

Get The MacMaster Merchandise Here...
https://the-macmasters-merchandise-st.myspreadshop.co.uk",2717.0,False
FZyqGUX-r0s,my WORST EVer JOURNEY since OWNING an ELECTRIC CAR! CHARGING NIGHTMARE!,2025-04-06T17:15:00Z,https://www.youtube.com/watch?v=FZyqGUX-r0s,32671.0,NEGATIVE,0.998,"I've owned an Electric Car now for almost 4 years. A Porsche Taycan EV and I've used the EV Charging Infrastructure all over the UK and Europe. This is my WORST EVer journey since owning an Electric Vehicle! I documented my journey to show the TRUE REALITY of EV ownership. PLEASE SHARE THIS VIDEO and also SUBSCRIBE to the CHANNEL. It's FREE and will help educate people who are potentially looking at buying a new Electric Car.

#evs #evs #electriccarcharging #evcharginginfrastructure #fullycharged #porschetaycan 

Subscribe to The MacMaster
https://www.youtube.com/themacmaster

Get The MacMaster Merchandise Here...
https://the-macmasters-merchandise-st.myspreadshop.co.uk",4144.0,False
Nl3ZugL4V84,"Toyota Just Revealed New $13,000 EV & DESTROYED Tesla Model Y",2025-04-13T15:02:03Z,https://www.youtube.com/watch?v=Nl3ZugL4V84,27311.0,NEGATIVE,0.996,"Toyota Just Revealed New $13,000 EV & DESTROYED Tesla Model Y

In a move that has sent shockwaves through the auto industry, Toyota has just revealed their new 13,000 dollar EV and DESTROYED the Tesla Model Y by upending long-held assumptions about EV affordability and igniting what could be a fierce global price war. This unexpected pivot by a legacy automaker known for its caution rather than disruption is forcing rivals to urgently rethink their strategies, as the once-unquestioned link between electric vehicles and high price tags is now being dismantled before our eyes.
This is one story you can’t afford to miss.
Let’s get started!",2093.0,False
ZjJwqqEL4PU,Is The Electric Vehicle Market REALLY Flatlining Now?,2025-03-25T11:42:21Z,https://www.youtube.com/watch?v=ZjJwqqEL4PU,11462.0,NEGATIVE,0.998,"Is The Electric Vehicle Market REALLY Flatlining Now?

here is my affiliate link to Octopus Energy and if you use it to sign up, we both get £50 https://share.octopus.energy/grey-mule-679     

And also here is my link to the Octopus Ev Affiliate Partner Program https://octopus.typeform.com/to/gzs2aBUw#partner=Barrie%20Crampton&orgid=4803

Thanks for watching, please Like, Subscribe and Ring the Bell to be notified of all our future video releases

Please watch: our Review and Virtual Video Test Drive Playlist
https://www.youtube.com/playlist?list=PL1A82282B2DE5BE88

Thanks for watching, please Like, Subscribe and Ring the Bell to be notified of all our future video releases

Please note that I am an Amazon Affiliate and an Ambassador for some of the products we test, if you buy any products using my links it won't cost you anymore but I will get a small commission

this is the list of all the products I have used so far, to clean and accessorise my Citroen Ami Vibe
https://www.amazon.co.uk/hz/wishlist/ls/3KN82D0R4GO7H?ref_=wl_share

My Facebook group for my Citroen Ami Channel https://www.facebook.com/groups/3339999346221783

Please note that if you do buy something using one of the links on our website it won’t cost you anymore but we will receive a small commission",1300.0,False
tSS8a4lC3Q8,Maserati GranCabrio & GranTurismo - A *Bargain* Electric Convertible Rocketship! (*ish),2025-04-11T15:30:25Z,https://www.youtube.com/watch?v=tSS8a4lC3Q8,10396.0,NEGATIVE,0.999,"For some luck folks, this will be a cheap EV! For the lucky others, you'll want one and won't care how much it is.

2nd Channel: https://www.youtube.com/@drivingohm  
Website: https://www.ev-man.co.uk
Twitter: https://twitter.com/evmanuk
Tesla Referral: https://ts.la/andrew31112
Octopus Referral: https://share.octopus.energy/ore-cobra-425

#carreview #electriccar #maserati",1225.0,False
xQuk1rvn9hM,Xpeng equip ALL cars with game-changing FSD driving chip at NO COST,2025-04-17T01:00:54Z,https://www.youtube.com/watch?v=xQuk1rvn9hM,62195.0,NEGATIVE,0.963,"Xpeng equip ALL cars with game-changing FSD driving chip at NO COST

The best solar company in Australia just installed my new solar system. 
Check them out here: https://www.resinc.com.au/electricviking

I use Starlink internet to upload all of my videos, use my referral link here: https://www.starlink.com/residential?referral=RC-392400-91086-9

👇👇 Buy something and support The Electric Viking Store 👇👇
https://shop.theelectricviking.com/

Size guide and other help for the store 👇
https://theelectricviking.com/the-electric-viking-products-size-guide/

🔔 Subscribe and hit the notification bell! ► https://www.youtube.com/@electricviking?sub_confirmation=1

Join me on Patreon ► https://www.patreon.com/theelectricviking

Join as a member in The Electric Viking YouTube►
https://www.youtube.com/channel/UCjzi56cxvmEDwjo1Bd2Yxpg/join

Members-only videos (see videos before anyone else)►
https://www.youtube.com/playlist?list=UUMOjzi56cxvmEDwjo1Bd2Yxpg

See what happened to Shanna (Sam's wife): 
https://youtu.be/D6Ah4IC4TLA

The Electric Viking on other platforms: 
Spotify Podcasts ► https://open.spotify.com/show/7qDxQ2PDFC3KvJq5f7Oxih
If it's not available in your country, use this link: https://podcasters.spotify.com/pod/show/theelectricviking
Rumble ► https://rumble.com/c/TheElectricViking
Facebook page ► https://www.facebook.com/theelectricvikingfb
Facebook group ► https://www.facebook.com/groups/theevfbgroup/
X (Formerly known as Twitter) ► https://x.com/theevking
Instagram ► https://www.instagram.com/theelectricvking/
Pinterest ► https://www.pinterest.com/theelectricviking/
Telegram ► https://t.me/theelectricviking
TikTok ► https://tiktok.com/@theelectricviking 
Read my blog ► https://theelectricviking.com/blog/

👇 My Bali trip 👇
https://youtu.be/teGyu5zSaYI
 👇 Video about My Skateboard  👇
https://youtu.be/N9srJ1D2eGA

👇 Subscribe to my kids channel 👇
https://tinyurl.com/subscribetojackandcal

See more videos: 
EVs are WAY more popular than hybrids in China -- sales skyrocket 43%
https://youtu.be/NQT7MtjY-Rc

Peter Dutton’s Dirty Move: Killing Emissions Standards Hurts Aussie Air & Wallets
https://youtu.be/waPeBNDRu78

BMW SLAMS Trump Advisor: The Real Truth Behind Spartanburg ‘Scam’
https://youtu.be/AxTlZvAw7Yg

BMW’s 800v EVs get structural batteries with Teslalike cylindrical cells
https://youtu.be/gi6cwGiQYqs

How the mainstream media is slowing down EV sales by confusing buyers
https://youtu.be/FlGePuvojHs

UK overtakes Germany as Europe’s largest EV market as EV sales hit 20%
https://youtu.be/D5UMYl4AHEc

Tesla Cybertruck Survives 75 MPH Deer collision with barely any damage
https://youtu.be/umJDaL-0CRE?si=E7MaE87aUtuawDgE

BYD will sell Denza and Fang Cheng Bao models direct to customers like Tesla
https://youtu.be/7M6RIi_fYjc

Existing BYD owners Furious after BYD reveals new God's Eye upgrade
https://youtu.be/P9PPse-WWto

BYD CEO reveals why Chinese EVs are 5 years ahead of the competition
https://youtu.be/Zy4okGmH5P0

Experts reveal why the HYPE for hybrid cars will end in DISASTER
https://youtu.be/ne3BlekmSsc

Ford’s triples Mach-E EV sales, but demand for Gas Mustang crashes
https://youtu.be/z98k2JU843g

EV sales break records in America - hit new highs in January
https://youtu.be/WdzgIcJ0cbw

Sentiment in Germany’s auto industry hits record low; more factories shutdown
https://youtu.be/F3wQW46pfcQ

VW prepares to hand its German factories over to Chinese carmakers
https://youtu.be/89GrNlSXsmc

#xpeng #fsd #costly #gamechanger #chip #evnews 

 👇Reference to the news/charts & videos used in this video:
https://cnevpost.com/2025/04/15/xpeng-to-start-using-turing-chip-q2-report/

This channel may use some copyrighted materials without specific authorization of the owner; but content used here falls under the “Fair Use” Copyright Disclaimer under Section 107 of the Copyright Act 1976. 

Allowance is made for ""fair use"" for purposes such as criticism, comment, news reporting, teaching, scholarship, and research. Fair use is a use permitted by copyright statute that might otherwise be infringing. Non-profit, educational or personal use tips the balance in favor of fair use.

Contact us for any copyright issues. If you want a credit of any footage we are using, please let us know. 

Website: https://theelectricviking.com/contact/
Email: contact@theelectricviking.com",1044.0,False
ZgThyIiA8A0,Musk eyes the exit after humiliating turn in politics: report,2025-04-22T10:07:48Z,https://www.youtube.com/watch?v=ZgThyIiA8A0,661872.0,NEGATIVE,0.999,"Rachel Maddow notes that Elon Musk's poor performance in the political spotlight has not only damaged his personal brand, but also his companies, and Tesla in particular. And meanwhile, his political activity with DOGE has turned out to not even be worth it, producing a string out embarrassing mistakes and outraged backlash. Now the Washington Post reports that Musk is eyeing the exit.

For more context and news coverage of the most important stories of our day click here: https://www.msnbc.com/

» Subscribe to MSNBC: https://www.youtube.com/msnbc
» Subscribe to MSNBC on TikTok https://www.tiktok.com/@msnbc 
» Subscribe to MSNBC on Instagram https://www.instagram.com/msnbc 
Download our new MSNBC app for the latest breaking news and daily headlines at a glance: https://www.msnbc.com/information/download-msnbc-app-n1241692

Follow MSNBC Show Blogs 
MaddowBlog: https://www.msnbc.com/maddowblog

MSNBC delivers breaking news, in-depth analysis of political headlines, commentary and informed perspectives. Find video clips and segments from The Rachel Maddow Show, Inside with Jen Psaki, Morning Joe, The Beat, Deadline: White House, All In, The Last Word, The 11th Hour, and more.

Connect with MSNBC Online 
Visit msnbc.com: https://www.msnbc.com/ 
Subscribe to the MSNBC Daily Newsletter: https://link.msnbc.com/join/5ck/msnbc-daily-signup

#Trump #ElonMusk #Politics",334.0,True
SchVyPpM3qA,IHIP News: FAILURE Elon Musk OFFICIALLY EXITING Trump Admin; DOGE & Tesla Are IN RUINS,2025-04-22T15:00:44Z,https://www.youtube.com/watch?v=SchVyPpM3qA,517879.0,NEGATIVE,0.992,"Elon's exit from the trump administration is eminent. 

Pre-order our new book, join our Patreon Cult, and more by clicking here: https://linktr.ee/ivehaditpodcast.

Join this channel to get access to perks:
https://www.youtube.com/channel/UCZ5cvDR2HhVUcdVoTvvQKLw/join",585.0,False
-6fz6Uw7Yts,🚨Elon Musk Drops Unexpected Tuesday BOMBSHELL on Trump,2025-04-22T13:49:49Z,https://www.youtube.com/watch?v=-6fz6Uw7Yts,368076.0,NEGATIVE,0.994,Trump has been left fuming after Elon Musk dropped a BRUTAL bombshell!,383.0,False
rNTszX6ov50,Elon Musk CORNERED After DOGE Crashes Social Security In Massive Tech Failure,2025-04-21T00:00:59Z,https://www.youtube.com/watch?v=rNTszX6ov50,176201.0,NEGATIVE,1.0,"Elon Musk is left humiliated as his DOGE team, of what Musk deems as efficient tech experts, accidentally crash crucial Social Security access for people who rely on the accounts after adding untested software that becomes a massive tech failure. John Iadarola and Yasmin Kahn break it down on The Damage Report. Leave a comment with your thoughts below!

**

Be part of the Dragon Squad as a YouTube channel member: http://go.tyt.com/join-tdr

Follow The Damage Report on Facebook: https://www.facebook.com/TheDamageReportTYT/

Help build the Home of the Progressives http://tyt.com/JOIN

Subscribe to The Damage Report YouTube channel: https://www.youtube.com/thedamagereport?sub_confirmation=1

Follow The Damage Report on TikTok: https://www.tiktok.com/@thedamagereport?lang=en

Follow The Damage Report on Instagram: http://www.instagram.com/thedamagereport/ 

Follow The Damage Report on Twitter: https://twitter.com/TheDamageReport

#TheDamageReport #JohnIadarola #TheYoungTurks

250418__DR01CrashingOut_REPURPOSEDV2",413.0,False
wSC_2r7iSS8,Wall Street DUMPS Elon Musk before Tesla earnings,2025-04-22T08:43:56Z,https://www.youtube.com/watch?v=wSC_2r7iSS8,139541.0,NEGATIVE,0.968,"🎯 Become a member today! 🎯
https://www.youtube.com/channel/UCahJ9IsvXnaQiuNyWQSkrkw/join

🧋 Buy me a coffee 🧋 https://ko-fi.com/norlund 

⭐ Need some inspiration? Check out my book! It's called Positive Angle and it's available on Amazon.
📖 Check it out! https://www.chrisnorlund.com/book
And if you've already read the book, I'd love it if you could leave a review 💌

🔖 Join my blog substack! https://norlund.substack.com

⭐ Your support of independent news is greatly appreciated and keeps the channel going 💌

🪁 Our Vlog Channel https://www.youtube.com/@chrisandyeji

🎞️ Recommended movies and my youtube gear https://www.amazon.com/shop/chrisnorlund

🏠 Start Investing! https://www.chrisnorlund.com/invest

Disclaimer: Opinions expressed in this video are my own. Content is for education and entertainment. Make decisions suitable for your particular circumstances.

PS: Affiliate links and cool kids like you help support the channel. This content is provided by a paid influencer of Interactive Brokers.",875.0,False
b_qNKYJX-yw,21/04! TRETA! ELON MUSK DEMASCARA JAIR BOLSONARO E CARLUXO VAI AO DELÍRIO! VEJA PRINTS!,2025-04-22T00:30:21Z,https://www.youtube.com/watch?v=b_qNKYJX-yw,129018.0,NEGATIVE,0.971,GRANDE OPORTUNIDADE DE RENDA EXTRA - TRABALHANDO DE CASA! https://prosenderredirect.com.br/r/clickpolitica,484.0,False
tRQeSehs6WU,IHIP News: CHILDISH Elon Musk FIGHTS Trump’s Team; Whistleblower DROPS a DOGE BOMBSHELL,2025-04-21T23:01:00Z,https://www.youtube.com/watch?v=tRQeSehs6WU,125770.0,NEGATIVE,0.998,"Elon Musk's DOGE is hemorrhaging tax payer money through sheer incompetence. 

Stop putting off those doctors appointments and go to https://Zocdoc.com/IHIP to find and instantly book a top-rated doctor today.

Pre-order our new book, join our Patreon Cult, and more by clicking here: https://linktr.ee/ivehaditpodcast.

Join this channel to get access to perks:
https://www.youtube.com/channel/UCZ5cvDR2HhVUcdVoTvvQKLw/join",805.0,False
1R7uCPCrEjc,Blue smart Shutdown: End of the road for EV Startup as Sebi exposes Gensol fraud | Ankit Agrawal,2025-04-18T06:23:08Z,https://www.youtube.com/watch?v=1R7uCPCrEjc,201437.0,NEGATIVE,0.992,"Clear UPSC with StudyIQ’s Courses : https://studyiq.u9ilnk.me/d/Npg4cicHxZ

Call Us for UPSC Counselling- 76-4000-3000

Use code ‘ANKITLIVE ‘' to get Highest Discount

UPSC IAS Live GS P2I Foundation 2026 April Morning Batch : https://studyiq.u9ilnk.me/d/Npg4cicHxZ
Batch Starting on 21st April 2025| Daily Live Classes at 8:00 AM

UPSC IAS P2I Long Term Foundation LIVE 2027 April Morning Batch
Batch Starting on 24th April 2025 | Daily Live Classes at 8:00 AM
Hurry Enroll Now : https://studyiq.u9ilnk.me/d/Lgsok33byQ

UPSC IAS Live SIP+ 2025 April Last Batch : https://studyiq.u9ilnk.me/d/sgHHjJEyUD
Batch Just Started| Class Timing - 8:00 AM

Blue smart Shutdown: End of the road for EV Startup as Sebi exposes Gensol fraud | Ankit Agrawal

anmol singh jaggi,bluesmart,electric cab startup,electric vehicles,financial fraud,gensol ventures,government-backed loans,gurugram,icici securities,jaggi brothers,misused funds,puneet singh jaggi,sebi,ev news,Gensol Engineering,Gensol EV cab controversy,SEBI investigation 2025,Has BluSmart launched in Mumbai?,What happened with BluSmart?,Who is controlling SEBI?,Sebi action against blusmart promoters,Why is BluSmart shutting down?,What is BluSmart?

UPSC IAS Live GS P2I Foundation 2026 April Morning Hindi Batch
बैच 24 अप्रैल 2025 से शुरू हो रहा है | | बैच का समय सुबह 8:00 बजे
Hurry Enroll Now : https://studyiq.u9ilnk.me/d/ogzkeFrQft

UPSC IAS Live GS P2I Foundation 2026 April Morning English Batch
Batch Starting on 21st April 2025 | Daily Live Classes at 8:00 AM
Hurry Enroll Now : https://studyiq.u9ilnk.me/d/X3pZrpYKIH

Features of UPSC P2I Batches
- 1000+ hours Live Classes
- Success in Prelims program
- Mains Residential Program
- Interview Guidance Program
- One to One Mentorship
- Answer Writing Program 
- Current Affairs Program
- Handwritten Notes
- Prelims and Mains Test series
and much more…..

UPSC IAS (Mains) LIVE Optional Batches : https://studyiq.u9ilnk.me/d/yDin8XnLj2

For UPSC IAS Offline Classes Please Call : 9459-456-945

Super 100 GS Foundation 2025 P2I Offline Batch 7 - ORN
Offline Classes Starting on 30th Sept 2024, 6:00 PM
Hurry Enroll Now : https://studyiq.u9ilnk.me/d/tfgpoQuP7t

State PSC Live Foundation Batches : https://studyiq.u9ilnk.me/d/go1f3YPhfx

Gaurav Sir Current Affairs  https://bit.ly/3jwDRsv
Complete Static GK by Dr. Gaurav Garg https://bit.ly/3O0FaxE
Banking Awareness (Static) by Dr Gaurav Garg https://bit.ly/36dElAI
 
Buy our Best Selling UPSC CSE Books
From Online Stores: https://studyiq.u9ilnk.me/d/d3294c7zR6

Read all Information Rich Blogs & Articles here - https://www.studyiq.com/articles/

📌 Connect with [Our Social Media Platform] :
▀▀▀▀▀▀▀▀▀▀▀▀▀▀▀▀▀▀▀▀▀▀▀▀▀▀▀▀▀▀
Join our Telegram Group:- https://t.me/Studyiqeducation
Whatsapp Channel - https://bit.ly/3M1i8Ya
Facebook:  https://bit.ly/3PZTJDo
Instagram:  https://bit.ly/48RZNGO
Twitter: https://bit.ly/48On8t7

Download the App to Subscribe to the Course - https://bit.ly/StudyiqApp
For any doubt, Call 76-4000-3000 or Click here for Whatsapp Chat http://wa.me/917703861353

#bluesmart #gensol #news #currentaffairs #scam #stockmarket #sebi #latestnews #ankitagrwal #studyiq #ankitsirstudyiq",786.0,False
_hzr3YdahOY,How BYD Became SO BIG it can Buy India's Entire Car INDUSTRY ! | Bankruptcy to Success Story,2025-04-01T15:46:51Z,https://www.youtube.com/watch?v=_hzr3YdahOY,526096.0,NEGATIVE,0.983,"In this video I will talk about how BYD became so big and started as just a battery maker to now the Biggest EV brand in the world producing a $10000 BYD Qin to a $150,000 BYD Yangwang U8 Defender rival.

BYD right now sells more than 20 cars under 5 Sub-brands with its cheapest car being the BYD Qin selling at Just INR 9 lakhs with 1200 km of range and the mid level BYD seal India selling at around Inr 40 lakhs making it the most value for money car IN India while its Fangchengbao SUV like the BAO8 or the BAO9 are defender rivals at half price and super power and the Yangwang is the most premium brand with features like 1000 hp and 1 meter water wading capacity.",817.0,False
RVOtv8Okyas,FINALLY THE ROAD TRIP WITH MY NEW CAR | EV | IVU | TRIP TO NORTH,2025-04-02T04:00:19Z,https://www.youtube.com/watch?v=RVOtv8Okyas,324069.0,NEGATIVE,0.991,"Shop our hoddies sets at : 
https://shanzandnikz.com/

https://shanzandnikz.com/
Shop latest design at : https://shanzandnikz.com
SUBSCIRBE TO @shaniceshresthavlog

subscribe to our new channel : https://youtube.com/channel/UC9yEdfxn...",1106.0,False
L_0DRgPshPU,Trump in a State of Panic as Germany Prepares to Hit Back at US' Auto Industry & Electric Vehicles,2025-03-31T17:00:09Z,https://www.youtube.com/watch?v=L_0DRgPshPU,302680.0,NEGATIVE,0.996,"We examine Germany’s forceful reaction to new United States 25% tariffs on auto imports. With Prime Minister Mark Carney in Canada already threatening an energy cutoff, Germany is now warning it may launch retaliatory tariffs—from automotive to technology—if Washington doesn’t back down.
Why is Germany, historically cautious, escalating tensions with the US?
How could Berlin’s countermeasures disrupt everything from cars to tech giants?
What role do other EU countries, like France, play in aligning with Germany’s stance?
Where might this trade war lead, considering deep economic interdependence?

Key Topics to Cover
Trump’s New 25% Auto Tariffs
How these tariffs triggered Germany’s anger.
Germany’s automobile exports to the US exceed $35 billion.

Germany’s Vow to Respond with “Everything”
Potential measures: not just cars, but also digital taxes on US tech, tariffs on agricultural goods.
The political drivers behind this shift in Berlin’s approach.

EU Solidarity & France’s Support
Europe’s united front: “We’re unafraid of a trade battle with the US.”
Possible large-scale EU Commission retaliation packages.

Wider Economic Impact
How a US-EU trade war could impact global supply chains and consumer prices.
Risks to US automakers in Europe, potential job losses.

Geopolitical Stakes
Could Canada + EU alignment push the US into a corner?
Germany’s pivotal role within the EU—would the entire bloc rally behind it?

Chapters:
00:00 – Introduction & Context
01:00 – Why Germany Is Furious Over Trump’s Tariffs
03:15 – Europe’s United Response: Germany & France Step Up
05:00 – Potential Retaliations: Autos, Tech Taxes & Agriculture
07:30 – Automotive Sector Under Siege
09:15 – Economic Fallout: Supply Chains & Consumer Prices
11:00 – Germany’s Role in Leading the EU
12:30 – Possible Outcomes & Broader Geopolitical Effects
13:30 – Conclusion & Final Thoughts",904.0,False
bIhzn42rjNg,BYD Sealion 7 - Is it Worth?,2025-04-02T06:45:02Z,https://www.youtube.com/watch?v=bIhzn42rjNg,169972.0,NEGATIVE,0.949,"In this video, we bring a detailed review of BYD's all new flagship for India, the Sealion 7. Let's check it out.

Join MotorOctane Specials to get access to perks:
https://www.youtube.com/channel/UCSXOsOIzeJqJb4h0QlimDww/join

Confused which car to buy? Book your call time with us: https://motoroctane.com/car-consultancy

Want us to review your car/bike? Share your details -https://forms.gle/BAr48SScVUz9igkZ9

TOP 6 Car Accessories for Your CAR:
1. Dashcam: https://amzn.to/3G1beyC 
OR https://amzn.to/49EX1VY
2. Tyre inflator https://www.amazon.in/dp/B074DDJFTH/ref=cm_sw_r_as_gl_api_gl_i_VXM7AZYFBF6W9F6WTAX7?linkCode=ml1&tag=motoroccom-21
3. Vacuum cleaner: https://www.amazon.in/dp/B0BZ7YZ72D/ref=cm_sw_r_as_gl_api_gl_i_dl_WJ96449WCJM35RM3R2AD?linkCode=ml2&tag=motoroccom-21
4. Torch: https://amzn.to/3QZOPIv
5. Jumper cable: https://amzn.to/47aYDot
6. Child Car Seat if you have Isofix: https://cutt.ly/Eeny1LFH


Follow us on 
Subscribe us @ YouTube : http://bit.ly/MotorOctane
Facebook: http://www.facebook.com/motoroctane
Twitter: http://www.twitter.com/motoroctane
Instagram: http://www.instagram.com/motoroctane
YouTube: https://www.youtube.com/user/MotorOctane

Website: https://motoroctane.com",950.0,False
XaadFLyNwT4,I Turned My Hayabusa EV into an F1 CAR FINALE! (Roll Racing +Public reactions),2025-04-01T01:30:18Z,https://www.youtube.com/watch?v=XaadFLyNwT4,95633.0,NEGATIVE,0.987,"I install paddle shifters and an electric shifter for some lightning fast shifts. I roll race some fast cars (bmw,supra,ls) at the dragstrip, beat my personal best, pick up some girls and get some crazy reactions! 


➥15% OFF LASER CUTTING SERVICE: http://sendcutsend.com/vasily




➥ 🔥MERCH: https://tinyurl.com/w3a947kp
➥MY WELDERS: https://usaweld.com/?ref=hvpoab1dg65
➥ CUT OFF WHEELS (Code: VASILY 10) https://tinyurl.com/h44bzwrd
➥ EVOLUTION Power tools (Code: Vasily5) https://tinyurl.com/3j5kt4pm
➥PATREON:  http://bit.ly/47gB9Pa
➥ SECOND channel: https://tinyurl.com/yw8csmw8
➥ PAYPAL: https://tinyurl.com/3vck3jnx
➥ INSTAGRAM: https://tinyurl.com/yvaujywh
➥ 🎵 Music: https://tinyurl.com/zze5jz4n


I built a mini Trophy Truck during a Hurricane!
https://youtu.be/WWr4Dd_abJo

Cheap Vs. Expensive go kart (FInale):
https://youtu.be/i1sOCzyxASI

Turbo Hayabusa raptor first street pulls!
https://youtu.be/gXPhv13onXo

Street racing my crosskart the cops pull up!
https://youtu.be/lcxK_ztj2tA

R6 swapping Raptor quad in 24 hours!
https://youtu.be/Kgj2_hk8YBw

Banshee swapping my dirtbike in 24 hours!
https://youtu.be/p-nnhWwAuPM

Homemade 600cc Buggy Officially STREET LEGAL! (16,000 rpms)
https://youtu.be/fVyIDEw1t8k

The Worst motorcycle I ever bought! (1973 Yamaha RD350)
https://youtu.be/_yUvy-mEZcA

I got a Scary GSXR 600 Powered Chinese buggy from a subscriber!
https://youtu.be/8JV3tZu2B4U

4x4 110Hp Vintage RACING Lawn Mower Build!
https://youtu.be/K72eBPXgOWg

V10 R8 vs Banshee swapped Grom
https://youtu.be/fFRQw0mwswI

We Built the Worlds Sketchiest Three Wheelers!
https://youtu.be/zK5B7uPAWfk

soundtrack: https://soundcloud.com/mirajsounds/post-malone-motley-crew-lostmane-x-miraj-remix

For all inquires email me vasily1fab[at]gmail.com",1196.0,False
8azYgeSaeBM,🔥కొత్త TATA AVINYA 500 KMS రేంజ్ తో ELECTRIC SUV💥,2025-04-02T14:00:09Z,https://www.youtube.com/watch?v=8azYgeSaeBM,52290.0,NEGATIVE,0.97,"Social Media LInks :

Telegram Link : https://t.me/ashua2zinfoz

Instagram link : https://instagram.com/ashua2ztech3?igshid=ZDc4ODBmNjlmNQ== ashua2ztech?igshid=ZDdkNTZiNTM=

Facebook : https://www.facebook.com/profile.php?id=100088554559990&mibextid=ZbWKwL

WHATSAPP : https://whatsapp.com/channel/0029Va8ARb99RZAQP4Grt841

Hi Guys, welcome to (ASHOK MOTO EV TECH ) YouTube channel.
This is A. Ashok kumar from Hyderabad, Telangana. Basically MBA Graduate my channel preferable language is Telugu. My channel is all about related to (Automotive & latest information technology reviews), Products & accessories for bikes & cars, Moto vlogging & Travel vlogs. This channel is all about my passion towards Automotive & Technology Striving to present you acceptable & entertaining content. I have started this channel to fulfill my passion & make videos to share information through my vlogs. Contact me through Gmail for promotions & business collaboration: officialashok03@gmail.com

Copyright Notice:- Please feel free to leave me a notice if You find this upload inappropriate. Contact me personally if You are against an upload which You may have rights to the Images (or) music, instead of contacting YouTube about a Copyright Infringement....Thank You..!""

#avinya #tata #2025 #electric #car #new #latest #model #suv #india #update #best #top #budget #ashokmotoevtech #telugu",519.0,False
54U69YVoLJ8,"Canada Bans Tesla from EV Program – Even Musk & Trump Are Stunned! Electric Vehicles, Tariffs, Trade",2025-04-02T15:29:29Z,https://www.youtube.com/watch?v=54U69YVoLJ8,37570.0,NEGATIVE,0.679,"In this video, we explore the shocking decision by Canada to ban Tesla from its EV rebate program — and how Elon Musk and even Donald Trump were caught off guard. Political tensions, trade tariffs, and consumer backlash have collided in what could be Tesla’s biggest North American crisis yet. Watch to learn why.

*️⃣ 00:00 | Intro
1️⃣ 00:47 | Tesla’s Subsidy Surge Pushes Canada Over the Edge.
2️⃣ 02:14 | Tariffs, Trump, and the Tesla Turbulence.
3️⃣ 04:01 | Street-Level Rebellion: Tesla Faces a Consumer Revolt.
4️⃣ 05:22 | Market Mayhem: Tesla’s Financial Engine Misfires.
5️⃣ 07:04 | Crossroads Ahead: Where Tesla Goes From Here.
🔎 08:36 | Final Verdict: Crisis or Catalyst?

Canada’s move to blacklist Tesla isn’t just a policy change—it’s a geopolitical firestorm. From plummeting sales to rising tariffs and political tension, this could redefine Tesla’s global footprint. Don’t miss this in-depth breakdown — watch now and join the conversation!

#PistonPundit #electricvehicle #electriccar #electrictruck #electricsuv #truckreview #suvreview #carreview #fordtrucks #gmctrucks #toyotatrucks #hybridvehicles 

🔔 Remember to hit the bell icon to get notified whenever we post new videos. And if you enjoyed this review, please like this video and share it with your friends!

Stay tuned for more content about the latest models, comparisons, and comprehensive reviews from the world of cars!

🚗~~~~~~~

Support our team by joining this channel—your membership helps us grow!🙏
https://www.youtube.com/channel/UCKI2iB92YfXffHG0BoQ--ag/join

🚗~~~~~~~

Disclaimer: This video is not sponsored. All opinions expressed are our own.

""Canada Bans Tesla from EV Program – Even Musk & Trump Are Stunned! Electric Vehicles, Tariffs, Trade""",591.0,False
6T7BPQbAAkY,TOP 10 ELECTRIC VEHICLES IN INDIA🔥| EV SALES MARCH 2025 | OLA का COMEBACK #abhishekmoto #evsales,2025-04-01T06:01:33Z,https://www.youtube.com/watch?v=6T7BPQbAAkY,19028.0,NEGATIVE,0.917,"Hello Dosto is Video m ham discuss karenge march ki ev sales ko, konsi brand n kitne electric scooter sale kiya, kon hai 1st number par kon hai last m, top 10 electric vehicle company konsi hai.
Let's Talk about electric vehicle sales in march 2025. how many electric vehicle sale by ola electric, ather electric sales in march 2025 , ola electric sales march 2025, tvs electric is sales in march 2025, bajaj chetak sales in march 2025, hero vida sales in march 2025, watch full video and see the correct data.

Hello Friends, aa gayi meri ola s1, ola s1 kaisi hai, ola s1 pro gen 3 sales march 2025, ola electric sales march 2025, ather rizta sales march 2025,chetak 3501 sales march 2025, ola s1x sales march 2025,ather 450x sales march 2025, tvs iqube sales march 2025, bajaj chetak sales march 2025, ola s1 pro sales march 2025, ola s1 air new price, ola scam, electric vehicle sales, best electric vehicle in India, electric vehicle in India, ola gen 3, tata curvv, ev sales in India, highest selling scooter in India, electric scooter in India, best electric scooter kon sa hai, ev sales reports, ev sales report, ev 2w sales report, ola s1 pro gen 3 delivery date, ola s1 pro gen 3 electric scooter, ola s1 pro plus, ola s1x gen3 , ola s1 pro gen 3 vs ola s1 pro plus, abhishek vlogs, abhishek moto,

Disclaimer : Data Source Vahan Portal Date 1 April 2025 | 7:00 AM

TOP 10 ELECTRIC SCOOTER in 2025
https://youtu.be/BA3zQBmjkDw

METAL CHARGER HOLDER

FREE HOME DELIVERY*🚚 *FREE LOCK 🔐 
FREE FITTING Materials

Premium Quality Ola Ladies Foot Rest 
https://amzn.to/47xgoxE
Amazon
https://amzn.to/3JFAmwc
Flipkart Link 😍😍
https://dl.flipkart.com/s/X!W7skNNNN

ola n kitne scooter beche,
march m ola n kitne scooter beche,
best electric scooter in india,
ev sales in march 2025,
ev sales in india march 2025,
electric vehicle sales march 2025,
electric vehicle sales in 2025,
electric vehicle sales in march 2025
ev sales in march 2025,
ev two-wheeler sales in india december 2024,
ola sales march 2025,
Ather sales march 2025,
vida sales march 2025,
ola electric sales march 2025,
best electric scooter in 2025,
top 10 cheapest scooty in india,
top 10 chepest electric scooty in india, 
best electric scooter under 1.5 lakh in india
top 5 electric scooter in india
top 5 scooty under 1.5 lakh
top 2 electric scooter in india
top 10 electric scooter in india 2025
is it good to buy electric scooter in india
top 3 electric bikes in india
best build quality electric scooter in india
sabse best electric scooter
best electric bike and scooty in india
best mileage scooty under 1.5 lakh
cheap and best electric scooter in india
top 5 ev scooters in india
best petrol scooter under 1.5 lakh in india
top 3 best electric scooter in india
best scooty under 1.5 lakh
best build quality electric scooter in india
top 3 electric bikes in india
top 5 long range electric scooter in india
kaun sa electric scooter best hai
top 5 upcoming electric scooters in india
top selling electric scooter in india
top 2 electric scooter in india
which electric scooter is best in india 2025 top 5 ev scooters in india
best petrol scooter under 1.5 lakh in india
top 3 best electric scooter in india
best scooty under 1.5 lakh
best build quality electric scooter in india
top 3 electric bikes in india
top 5 long range electric scooter in india
kaun sa electric scooter best hai
top 5 upcoming electric scooters in india
top selling electric scooter in india
top 2 electric scooter in india
which electric scooter is best in india 2025

#evsalesmarch #EVSales #ElectricScooter  #olagen3 #olas1progen3 #olas1proplus #olagen3scooters #ElectricBike #OlaElectric #AtherEnergy #TVS #HeroElectric #bajajchetak #chetak  #Bounce #BGauss #VidaElectric #EVIndia #ElectricTwoWheeler #EVNews #revolt
#evsalesfeb2025 #olaeletric #olapricechange #tvsiqubeelectric #bajajchetak #chetakelectric #atherrizta #atherenergy #tvselectricscooter #olachargerrefund #olas1sportmode #olas1pro #olas1 #olascooter #olaservice #olas1delivery #olaelectricscam #olaservice #olas1dispatch #olas1review

~Instagram~
www.instagram.com/its_abhishek_moto
~For Business~
abhishekmotovlog@gmail.com",410.0,False
ZZJjFwHUsTc,YouTube says this Electric Car is too powerful - insurance companies agree,2025-04-02T15:00:48Z,https://www.youtube.com/watch?v=ZZJjFwHUsTc,11140.0,NEGATIVE,0.997,"YouTube says this Electric Car is too powerful - insurance companies agree
-

The best solar company in Australia just installed my new solar system. 
Check them out here: https://www.resinc.com.au/electricviking

I use Starlink internet to upload all of my videos, use my referral link here: https://www.starlink.com/residential?referral=RC-392400-91086-9

👇👇 Buy something and support The Electric Viking Store 👇👇
https://shop.theelectricviking.com/

Size guide and other help for the store 👇
https://theelectricviking.com/the-electric-viking-products-size-guide/

🔔 Subscribe and hit the notification bell! ► https://www.youtube.com/@electricviking?sub_confirmation=1

Join me on Patreon ► https://www.patreon.com/theelectricviking

Join as a member in The Electric Viking YouTube►
https://www.youtube.com/channel/UCjzi56cxvmEDwjo1Bd2Yxpg/join

Members-only videos (see videos before anyone else)►
https://www.youtube.com/playlist?list=UUMOjzi56cxvmEDwjo1Bd2Yxpg

See what happened to Shanna (Sam's wife): 
https://youtu.be/D6Ah4IC4TLA

The Electric Viking on other platforms: 
Spotify Podcasts ► https://open.spotify.com/show/7qDxQ2PDFC3KvJq5f7Oxih
If it's not available in your country, use this link: https://podcasters.spotify.com/pod/show/theelectricviking
Rumble ► https://rumble.com/c/TheElectricViking
Facebook page ► https://www.facebook.com/theelectricvikingfb
Facebook group ► https://www.facebook.com/groups/theevfbgroup/
X (Formerly known as Twitter) ► https://x.com/theevking
Instagram ► https://www.instagram.com/theelectricvking/
Pinterest ► https://www.pinterest.com/theelectricviking/
Telegram ► https://t.me/theelectricviking
TikTok ► https://tiktok.com/@theelectricviking 
Read my blog ► https://theelectricviking.com/blog/

👇 My Bali trip 👇
https://youtu.be/teGyu5zSaYI
 👇 Video about My Skateboard  👇
https://youtu.be/N9srJ1D2eGA

👇 Subscribe to my kids channel 👇
https://tinyurl.com/subscribetojackandcal

Chery iCar V23: 310-Mile Mini G-Class EV Cheaper Than a Corolla! https://youtu.be/hJsTD80Fszw

Leapmotor B10 Unveiled for Australia, China & Europe - Huge Demand Already! https://youtu.be/UYZcZiN3iB4

BYD Launches Crazy Cheap EV to Battle Xpeng’s Best-Seller! https://youtu.be/e3CDw13Oo_I

Lynk & Co 900's New CATL Sodium-Lithium Battery Leaves Legacy SUVs in the Dust! https://youtu.be/e3CDw13Oo_I

ZF’s €10B Debt Crisis: AI says huge Bankruptcy risk
https://youtu.be/b0ZbPmS3QbQ

See more videos: 
Xiaomi gets 20,000 orders for Porsche destroying 1500HP SU7 Ultra EV
https://youtu.be/zLdudp1zmjQ

Trump makes threat come true: EVs will take the biggest hit as prices skyrocket
https://youtu.be/Ad6cTmMV02M

The 10 most successful electric car companies in China in 2025
https://youtu.be/LqKXPkDlKqY

NEW updated Xpeng G6 gets battery changes and lots of changes
https://youtu.be/ca6U3jUIHRw

Xpeng G6 Chinese SUV launches in the UK for 44,990 GBP
https://youtu.be/n8n9J7QT-aw

Experts reveal why the HYPE for hybrid cars will end in DISASTER
https://youtu.be/ne3BlekmSsc

Ford’s triples Mach-E EV sales, but demand for Gas Mustang crashes
https://youtu.be/z98k2JU843g

EV sales break records in America - hit new highs in January
https://youtu.be/WdzgIcJ0cbw

Sentiment in Germany’s auto industry hits record low; more factories shutdown
https://youtu.be/F3wQW46pfcQ

VW prepares to hand its German factories over to Chinese carmakers
https://youtu.be/89GrNlSXsmc

Volvo rides skyrocketing EV sales surge to record global sales
https://youtu.be/Dqw_j4DXIbU

Worlds biggest Electric Car winter range test in 2025 - 24 EVs compared
https://youtu.be/mxldWBW3C64

After profit crashes, Nissan now must triple profits to be saved by Honda
https://youtu.be/VktV_P4Cm80

Nissan Leaf gets CRAZY $20,000 discount = like owning 4 Tesla powerwalls!
https://youtu.be/qEGZPRqt7Ig

#xiaomicrash #insurancecompanies #eletriccars #xiaomisu7ultra  #destroy #su7ultra #order #evnews #manufacturing 

 👇Reference to the news/charts & videos used in this video:
https://cnevpost.com/2025/04/01/xiaomi-su7-accident-shares-fall/ https://carnewschina.com/2025/04/01/some-xiaomi-su7-owners-encounter-high-insurance-renewal-costs-and-hesitant-insurers/

This channel may use some copyrighted materials without specific authorization of the owner; but content used here falls under the “Fair Use” Copyright Disclaimer under Section 107 of the Copyright Act 1976. 

Allowance is made for ""fair use"" for purposes such as criticism, comment, news reporting, teaching, scholarship, and research. Fair use is a use permitted by copyright statute that might otherwise be infringing. Non-profit, educational or personal use tips the balance in favor of fair use.

Contact us for any copyright issues. If you want a credit of any footage we are using, please let us know. 

Website: https://theelectricviking.com/contact/
Email: contact@theelectricviking.com",497.0,False
MoqMrJVAVqc,Ye Kya Hogaya Apni New Car Mahindra XEV 9E Ke Sath 😱 Crash 😢,2025-03-31T10:43:56Z,https://www.youtube.com/watch?v=MoqMrJVAVqc,475627.0,NEGATIVE,0.885,"For Business And Collaboration
anuragdobhaluk@gmail.com
x
Peace xdxdxdxdxd.....


Copyright Disclaimer Under Section 107 of the Copyright Act 1976, allowance is made for ""fair use"" for purposes such as criticism, comment, news reporting, teaching, scholarship, and research. Fair use is a use permitted by copyright statute that might otherwise be infringing. Non-profit, educational or personal use tips the balance in favor of fair use.",1370.0,False
DwfgjMnkumY,Socha Nahi Tha Fortuner Vs Mahindra XEV9 Ki Drag Race Mai Aisa Hoga 😱 1 Lakh Haar Gaye 😭,2025-04-01T10:13:57Z,https://www.youtube.com/watch?v=DwfgjMnkumY,419837.0,NEGATIVE,0.947,"For Business And Collaboration
anuragdobhaluk@gmail.com
x
Peace xdxdxdxdxd.....


Copyright Disclaimer Under Section 107 of the Copyright Act 1976, allowance is made for ""fair use"" for purposes such as criticism, comment, news reporting, teaching, scholarship, and research. Fair use is a use permitted by copyright statute that might otherwise be infringing. Non-profit, educational or personal use tips the balance in favor of fair use.",1503.0,False
kudUDUtYI1I,The German Car Industry Is Dying - And Cars Like This Audi Q4 E-Tron Are The Reason Why,2025-04-02T17:00:49Z,https://www.youtube.com/watch?v=kudUDUtYI1I,414818.0,NEGATIVE,0.999,"CarVertical: The History Checking Service 
Use this link or code ""JAYEMM"" for a discount!
https://www.carvertical.com/gb/landing/v3?b=1e4c9523&a=JayEmm&voucher=jayemm&chan=jayemm

Today I drive the Audi Q4. In other times, it might simply be a passable, but overpriced effort from a manufacturer that I quite like. But these are not normal times, and the Q4 is unforgivably bad.

#Audi #EV #Q4

ALA Insurance - Rated 4.9 on Trustpilot based on over 19,000 reviews.
GAP Insurance, Car Warranty, Breakdown Cover and more, for the just in case.
Get 10% off products with code JAYEMM10
Details here: https://tinyurl.com/yc8npfzj

SIGN UP TO OUR NEWSLETTER
https://mailchi.mp/jayemm/the-jayemm-newsletter-sign-up
This will keep you updated on all social events and channel-related opportunities

We've got a PODCAST!
The Radiator Arms releases on Monday Mornings at 7AM - and YouTube is the place to hear it first. Get the latest episode on https://www.youtube.com/@JayEmmAndFriends
Every episode will then follow one week later via on audio-first platforms for those who want to listen via your favourite audio-first platforms:
• https://open.spotify.com/show/7aUNIS6wZxbTqD67nL021h
• https://podcasts.apple.com/us/podcast/the-radiator-arms/id1793343325
• https://feeds.acast.com/public/shows/678f674a5dd9c67f174d70d3
• https://www.deezer.com/en/show/1001590761

***********OUR CHANNEL PARTNERS***********

NOVE WATCHES
High quality but affordable wristwear
http://www.nove.com
Use JAYEMM for 20% off

Dodo Juice - Award Winning Detailing Products
Get 10% off Dodo Juice's British Made Detailing Products with code: JAYEMM10
Shop at http://www.dodojuice.net

Car Profile Art - Automotive Artwork by a Genuine McLaren Formula One Engineer
https://www.instagram.com/car_profile_art/

FIRE SAFETY STICK - GET A DISCOUNT WITH MY LINK
The World's Lightest and Most Compact Fire Extinguisher
https://firesafetystick.com/jayemm/

***********************************************************************************

Want to see your car on the channel? Email me on talk@jayemm.com

Equipment Used:
Panasonic S1H Camera
https://amzn.to/3WXREcV
Panasonic S5
https://amzn.to/3R9C2BJ
Sennheiser AVX-ME2 Audio Kit
https://amzn.to/3kMUVOJ
Insta360 Action Cameras - GET A FREE ACCESSORY
https://www.insta360.com/sal/one_rs?insrc=INR8Q2C",1393.0,False
-Eh2jKCnWtk,Finally Apni New Car Mahindra XEV9 Ko Lekar Ghar Pahuch Gaye 💕 Mummy Ko Diya Surprise 😳,2025-04-02T10:23:57Z,https://www.youtube.com/watch?v=-Eh2jKCnWtk,266685.0,NEGATIVE,0.942,"For Business And Collaboration
anuragdobhaluk@gmail.com
x
Peace xdxdxdxdxd.....


Copyright Disclaimer Under Section 107 of the Copyright Act 1976, allowance is made for ""fair use"" for purposes such as criticism, comment, news reporting, teaching, scholarship, and research. Fair use is a use permitted by copyright statute that might otherwise be infringing. Non-profit, educational or personal use tips the balance in favor of fair use.",1439.0,False
npmJro2pGKw,"Elon Musk: ""Zimbabwe New Generation Self Powering Cars Will DESTROY The Entire Industry""",2025-04-01T16:01:00Z,https://www.youtube.com/watch?v=npmJro2pGKw,237235.0,NEGATIVE,0.996,"Something is happening right now that could shake the entire global auto industry to its core. It’s not another electric car. It’s not hydrogen, and it’s not some minor improvement in battery tech. This changes everything. According to insiders, even Elon Musk is worried - even saying that if this innovation isn’t stopped, it could completely destroy Tesla and the entire E-V market. What could possibly be so disruptive that it threatens not just gas-powered cars but even electric vehicles? It’s coming from an unexpected place, and the technology behind it? Let’s just say it defies everything we thought was possible. Stay tuned - because what you’re about to hear might be the biggest automotive breakthrough in history.",1821.0,False
0Par5LGaU-M,No Paint. No Pedals. No PEOPLE. Tesla’s Alien Factory Makes 1 Car Every 5 sec & Changes EVERYTHING!,2025-03-31T20:52:07Z,https://www.youtube.com/watch?v=0Par5LGaU-M,121276.0,NEGATIVE,0.99,"Avoid misleading media narratives and stay informed on breaking news. Subscribe this month through my link https://ground.news/ctdots to get unlimited access with 40% off the Vantage Plan
➡Consider supporting me on Patreon, Get Ad-Free access and exclusive content: http://www.patreon.com/ConnectingODots 
**Other ways to support the channel: ** 
🔹Join my PATREON for as little as $1/month: http://www.patreon.com/ConnectingODots
  𝕏 Subscribe or Follow me on 𝕏: https://X.com/ConnectingODots
🔹Become a YouTube channel member: https://www.youtube.com/@ConnectingODots/join ☕Buy me a coffee using the THANKS🙏 BUTTON above 
🔗Or just SHARE this video on Social Media, LIKE and SUBSCRIBE, Your support means a lot! #Tesla
Tesla is revolutionizing automotive manufacturing with its Cybercab production line, aiming to build a complete vehicle every 5 seconds—12 times faster than conventional automotive factories. In this in-depth engineering analysis, I explore the technological breakthroughs that make this seemingly impossible goal achievable.
Two years ago, I predicted Tesla would reinvent car manufacturing to produce vehicles at unprecedented speeds. Now, Elon Musk has confirmed exactly that. This video breaks down the revolutionary ""unboxed"" production process and explains how Tesla plans to achieve what no automaker has done in over a century.
📊 TOPICS COVERED:
• The shift from sequential to parallel production
• Tesla's ""dry factory"" approach eliminating fluids and paint
• Advanced casting technologies and thermal control breakthroughs
• Modular snap-fit construction replacing traditional assembly
• How Tesla designed a car specifically optimized for manufacturing speed
• Optimus robots replacing humans on the production line
• Why one Cybercab line equals 12 conventional factory lines
✅ This isn't just about building Cybercabs faster—it's about Tesla fundamentally changing the economics of manufacturing. Legacy automakers aren't just behind; they're playing an entirely different game.
🔍 For engineers, manufacturing enthusiasts, Tesla investors, and anyone interested in how the future of transportation will be built—this deep dive reveals the production revolution happening right now at Tesla.
💡 NEW VIDEO EVERY WEEK: Subscribe for more analysis on Tesla's manufacturing innovations, electric vehicles, autonomous driving, and the future of transportation.
#Tesla #Cybercab #Manufacturing #Robotaxi #ElectricVehicles #FutureOfTransportation #Optimus #TeslaProduction #GigaTexas #EV #AutomatedManufacturing

Teslabot is a Done Deal - https://youtu.be/tabp-OS0vBA
Tesla is CHOAM - https://youtu.be/BMIL_xENEfg 
Optimus Playlist: https://www.youtube.com/playlist?list=PLAF7NUfarSgod7D-fRRWP2T447nqlQcx4 
Narrated by James - https://t.ly/eh53t  
Sections:
00:00 - 1. INTRO
01:42 - 1. SPEED IS THE STRATEGY
03:17 - -- 1A. The Unboxed Architecture
05:28 - -- 1B. Why It Matters
07:44 - -- 1C. Learning From History
08:40 - -- 1D. The Big Picture
09:15 - 2. THE DRY FACTORY
09:44 - -- 2A. Paint
10:21 - -- 2B. Steer By Wire
11:25 - -- 2C. Brake By Wire
13:48 - -- 2D. Dry Battery
14:53 - -- 2E. GigaCastings
18:26 - 3. CASTINGS
19:01 - -- 3A. Front Casting
20:39 - -- 3B. Let It Flow
22:41 - -- 3C. Cooling
24:10 - -- 3D. Simplifying
25:12 - -- 3E. Upper Casting
26:13 - -- 3F. How Dots Connected
27:20 - 4. SNAP-FIT CAR
27:24 - -- 4A. Systems Integration
28:48 - -- 4B. Interfaces
29:37 - -- 4C. Testing
31:09 - -- 4D. How Dots Connected
31:54 - 5. INTERIOR
32:29 - -- 5A. Skin-Foam Seat Patent
33:42 - -- 5B. Seat Thermal Control Patent
34:36 - -- 5C. Rethinking Cabin
35:26 - -- 5D. How Dots Connected
35:58 - 6. NERVOUS SYSTEM
36:34 - -- 6A. Modular Wiring
37:07 - -- 6B. Zonal Architecture
37:51 - -- 6C. Robot Friendly
39:07 - ... 6D. Power Architecture
40:04 - 7. ROBOTS BUILDING ROBOTS
43:58 - 8. THIS CHANGES EVERYTHING",2975.0,False
4H6BJRJkaEg,"Elon Musk: ""O novo motor da Toyota vai destruir toda a indústria de veículos elétricos!""",2025-04-02T13:42:49Z,https://www.youtube.com/watch?v=4H6BJRJkaEg,110795.0,NEGATIVE,0.998,"Peça já seu fone Alpha Pod Pro ➜ Cupom: realidade10
https://bit.ly/unr-fones

For Copyright issues, please message | canal.unr@gmail.com

Elon Musk: ""O novo motor da Toyota vai destruir toda a indústria de veículos elétricos!""

Sobre o canal Uma Nova Realidade

Esse canal foi criado para falar sobre tecnologias inovadoras, com informações sobre o futuro do nosso planeta e também do universo. Vamos trazer os conteúdos mais relevantes possíveis referente a grandes assuntos como a Tesla, SpaceX, Meta, Elon Musk, inteligência artificial, carros elétricos, turismo espacial, astronomia, realidade virtual e tudo que envolva tecnologias do futuro.

Aviso legal

O canal Uma Nova Realidade é feito exclusivamente para fins de entretenimento, baseado em fatos, rumores e ficção.",1827.0,False
5aR_HyCXtCk,DODGE DEMON VS EV CHARGER WHAT A JOKE,2025-03-31T17:32:38Z,https://www.youtube.com/watch?v=5aR_HyCXtCk,109022.0,NEGATIVE,0.992,,2740.0,False
SP_Q1pZ3Yfk,Tesla Rethinking Its Strategy / Battery Breakthrough / New Tesla Casting Spotted ⚡️,2025-04-22T01:19:25Z,https://www.youtube.com/watch?v=SP_Q1pZ3Yfk,43275.0,NEGATIVE,0.736,"⚡️ Electrified Newsletter: https://electrifiednews.com/

🧡 A massive thank you to my Patrons: https://www.patreon.com/Electrified

👍🏻 Leaving a like/comment and subscribing are great ways to support the channel for free.

Instagram: https://www.instagram.com/dillonloomis/?hl=en
X (Twitter): https://twitter.com/DillonLoomis22

💰 Get discounts and/or freebies using these sponsor links:

🔹Athletic Greens (AG1): https://drinkag1.com/electrified
🔹Surfshark (VPN): https://surfshark.deals/electrified
🔹DeleteMe: https://joindeleteme.com/electrified
🔹Ground News: https://ground.news/electrified
🔹TradingView (Charting Platform): https://www.tradingview.com/pricing/?share_your_love=DillonLoomis22

My affiliate links:

🔸EnergySage (free solar quotes, no phone number required) - https://www.energysage.com/p/electrified

🎥 Executive Producer: Halter Ferguson Financial

Podcast (audio only) version of Electrified:

Spotify: https://open.spotify.com/show/5yfYEUpskuKIvmgo3Gd8rF
Apple: https://podcasts.apple.com/us/podcast/electrified/id1726770750

WARNING: I will never message you in the comment section asking you to message me via WhatsApp - these are scam bots that I'm doing my best to continually block.

===================================

Munro interview: https://www.youtube.com/watch?v=INUKSdX1S-U

===================================

00:00 - Battery Breakthrough

6:00 - Tesla Rethinks Strategy

8:54 - TSLA

10:16 - Testimonial

10:54 - Tesla Experience

13:06 - Lightning Round

===================================

Some links may be affiliate links - you pay the same price, I get some credit. Great way to support creators you value 👊🏻

*Disclaimer: I was a financial advisor with Edward Jones for a number of years. That said, I am not your financial advisor so please always do your own research and do not base your investment decisions on my videos alone. 

#TeslaNews #TeslaStock #TeslaUpdate",1108.0,False
7TJu_i5r8uM,"Elon Musk SHOCKED 50,000T Tesla Giga Press Machine Produce 5 NEW Tesla Model 2 At ONCE! HOW?",2025-04-21T15:00:26Z,https://www.youtube.com/watch?v=7TJu_i5r8uM,42937.0,NEGATIVE,0.989,"Elon Musk SHOCKED 50,000T Tesla Giga Press Machine Produce 5 NEW Tesla Model 2 At ONCE! HOW?
===
Elon Musk SHOCKED 50,000T Tesla Giga Press Machine Produce 5 NEW Tesla Model 2 At ONCE! HOW? Elon Musk once confirmed that the Model 2 would be the most mass-produced vehicle ever, with numbers possibly reaching up to 50 million units—more than all other Tesla models combined. We didn’t believe it at first and figured Elon was just doing his usual exaggerating. But when Tesla announced the 50,000-ton Giga Press, it became clear: the era of electric vehicle mass production, measured in seconds, has officially begun.

Elon Musk SHOCKED 50,000T Tesla Giga Press Machine Produce 5 NEW Tesla Model 2 At ONCE! HOW? Why? Because this is the first casting machine in the world that can complete five car bodies at the same time. Oh my God. We know—you’re probably skeptical and thinking something like, “No way, how is that even possible?” But once you dive into how the 50,000-ton Giga Press actually works, your jaw will drop.
And just to be clear, 50,000 tons refers to the pressure this machine generates—not its weight! Though yeah, its size is massive—like the equivalent of a three-story building laid on its side. So, how does the 50,000T Giga Press actually work? And is it enough to make Tesla’s competitors nervous? Let’s find out.

Elon Musk SHOCKED 50,000T Tesla Giga Press Machine Produce 5 NEW Tesla Model 2 At ONCE! HOW? The story of the Giga Press began when Elon Musk realized that welding car frames was really time-consuming, required a lot of labor, and this could not make Tesla cars cheaper. At that time, Elon Musk looked at model toys, especially Hot Wheels cars that were cast in one piece, and Musk realized that if Tesla could produce real cars in the same way, it would be a revolution.

===
#888999evs #teslacarworld #teslacar #888999 #teslamachine 
subcribe: https://bit.ly/3i7gILj",1146.0,False
YaNF52ss98M,🔴 Mauvaise nouvelle pour les voitures électriques : La Carte Grise Gratuite C’EST FINI !,2025-04-21T19:14:22Z,https://www.youtube.com/watch?v=YaNF52ss98M,25969.0,NEGATIVE,0.978,"👉 Pour télécharger Bolid sur iPhone : https://apps.apple.com/us/app/bolid/id1546982644
👉 Pour télécharger Bolid sur Android : https://play.google.com/store/apps/details?id=com.skisedr.bolid


N'oubliez pas de vous abonner et de mettre la cloche 🛎️. 
Un petit like 👍, ça fait également très plaisir 😁


👉 Pour toutes demandes de partenariats : octane@expandia.io

Notre site : https://www.octane-actus.fr/
Insta : https://www.instagram.com/octane_actu/
TikTok : https://www.tiktok.com/@octane.auto


Aujourd'hui au programme :
Une application vous donne toutes les informations sur une voiture juste en la prenant en photo, la carte grise des voitures électrique va devenir payante à partir du 1er mai, le prix des assurances pour les Tesla vont s'envoler et vous pourrez vous procurer une ligne d'échappement pour voiture électrique mais celle-ci...fait des bulles ! 

📱 Une app magique pour iPhone et Android permet d’identifier n’importe quelle voiture en une seule photo ! 

💸 Carte grise des électriques : c’est fini la gratuité
👉 À partir du 1er mai, la carte grise des véhicules électriques ne sera plus gratuite. Fini le bonus fiscal : on paie comme tout le monde. On vous explique combien nous devrons sortir selon la région, avec des exemples précis (Renault 5 E-Tech, Tesla Model Y...).

🔥 Les Tesla attaquées, les primes d’assurance flambent
👉 Aux États-Unis, le climat est devenu hostile pour Tesla. Vandalisme, incendies, hausses records des assurances : +29 % pour le Model Y. En France, ça commence aussi à grimper…

🫧 Un pot d’échappement à bulles pour voitures électriques ?!
👉 Un Américain a créé un kit tuning écolo : un échappement qui fait des bulles. Ridicule ou génial ? Sans doute les deux !


 #voitureelectrique #Électrique #automobile #nouveauté #innovationauto #futuremobility #tesla #auto #octane #actualité #fyp #boiserie #passionauto #bolid #bolidapp #puretech  #peugeot #voiture #info #information #crise #musk #cartegrise #flop #renault #assurance #france #bide #leak #flop #insolite",514.0,False
nLr4j53Tp9Q,Electrify America Expands Limiting EV Charging to 85% In Its Congestion Reduction Effort,2025-04-21T20:00:43Z,https://www.youtube.com/watch?v=nLr4j53Tp9Q,20159.0,NEGATIVE,0.987,"I examine the expansion of Electrify America's Congestion Reduction Effort program, which limits customer charging to 85% at selected sites.

This video is powered by Qmerit, North America's leading provider of installation services for EV charging equipment. Follow this unique link, and Qmerit will waive the $150 deposit: https://qmerit.com/ev/charge

Use my ""STATEOFCHARGE"" coupon to save on your NACS adapter here: https://a2zevshop.com/?ref=lsh8xAcYPbdmNg
Order the Lectron Vortex NACS adapter here: https://shareasale.com/r.cfm?b=2540907&u=2912074&m=96492&urllink=&afftrack=

Check out my new EV charging website: https://evchargingstations.com/

Order one of my currently top-rated EV chargers: 

Grizzl-E Ultimate 48-amp: https://grizzl-e.com/products/grizzl-e-ultimate-48/?hr=KRHU2MRQGI2A
Grizzl-E MINI: https://grizzl-e.com/products/grizzl-e-mini/?hr=KRHU2MRQGI2A
Emporia 48-amp: https://amzn.to/3EgDRGS
ChargePoint Home Flex: https://amzn.to/2V3Ye79
Wallbox Pulsar Plus 48: https://amzn.to/4fTQqbR
Autel Maxicharger W/Integrated Holster: https://amzn.to/3TVd20G
EVIQO 48-amp: https://eviqo.io/?ref=c0nLwakF8tvZBN
Tesla Universal Wall Connector: https://amzn.to/3DZWKBx

Chapters:
00:00 Intro
00:48 Congestion Reduction Pilot
04:52 Rules for the Congestion Reduction Effort
07:09 Electrify America's statement and my thoughts
10:05 Outro

Note: I earn a commission on sales from the above links.",628.0,False
i5SUuXWkW6M,Mahindra XEV 9e Electric⚡️Tech Loaded SUV ll in Telugu ll,2025-04-20T04:30:35Z,https://www.youtube.com/watch?v=i5SUuXWkW6M,490567.0,NEGATIVE,0.995,"PrasadAutomobile Channel Official SocialMedia Links

#prasadautomobile #prasadtechintelugu #mahindra #xev9e #evcar 

Contact us : auto@prasadtechintelugu.com

Twitter :  https://twitter.com/iamprasadauto

instagram : https://www.instagram.com/prasadautomobileofficial/

Telegram : https://t.me/iamprasadauto

Facebook : https://www.facebook.com/PrasadAutomobile-107064215450879",1373.0,False
Gzv7WG9xK1w,KELILING BANDUNG KE LEMBANG NAIK MOBIL WULING AIR EV? SEKECIL INI EMANG KUAT??,2025-04-19T12:06:56Z,https://www.youtube.com/watch?v=Gzv7WG9xK1w,294522.0,NEGATIVE,0.995,"Join sekarang!! Banyak keseruan nya loh :
https://www.youtube.com/channel/UCr2gOF7B-bjVrHwST1UjsVA/join

Subscribe & Follow Desti!
https://www.youtube.com/channel/UC3u1xnEvEjwQVeAFX5myQLg
https://instagram.com/destiyusrinip

Subscribe & Follow Vivi! 
https://www.youtube.com/channel/UCJgeis7pUjWOz2CekX5F4ug
https://instagram.com/vivipihh

Subscribe & Follow Bimbul!
https://www.youtube.com/channel/UCeMhy0resRDw0hDg0OU1LwA
https://instagram.com/bimabimbul

Our Socmed:
https://instagram.com/duopengacara
https://www.facebook.com/duo.pengacara
https://www.tiktok.com/@duopengacara

For Business / Collab:
partnership.duopengacara@gmail.com
Dita +62 89603487222
Clarisa +62 82249830977

[Indonesia]

Segmen Video:",1688.0,False
jfmPJuR-log,Bluesmart: India’s Biggest EV Scam Exposed | Ola & Uber is Only Option for Indians | StudyIQ,2025-04-19T15:45:06Z,https://www.youtube.com/watch?v=jfmPJuR-log,227295.0,NEGATIVE,0.995,"Clear UPSC with StudyIQ’s Courses : https://studyiq.u9ilnk.me/d/c3EOEpiCCk

Call Us for UPSC Counselling- 76-4000-3000

Use code ' GSLIVE ' to get Highest Discount

UPSC IAS Live GS P2I Foundation 2026 April Morning Batch :  https://studyiq.u9ilnk.me/d/c3EOEpiCCk
Batch Starting on 21st April 2025| Daily Live Classes at 8:00 AM

UPSC IAS P2I Long Term Foundation LIVE 2027 April Morning Batch
Batch Starting on 24th April 2025 | Daily Live Classes at 8:00 AM
Hurry Enroll Now : https://studyiq.u9ilnk.me/d/4ekxQyFxsI

UPSC IAS Live SIP+ 2025 April Last Batch : https://studyiq.u9ilnk.me/d/MOed8K4kTZ
Batch Just Started| Class Timing - 8:00 AM

Bluesmart: India’s Biggest EV Scam Exposed | Ola & Uber is Only Option for Indians | StudyIQ

Bluesmart EV Scam Exposed | Why Ola & Uber Remain the Only Option? | StudyIQ
India’s electric vehicle revolution hits a major roadblock as Bluesmart, once seen as a promising EV cab service, is now at the center of what’s being called India’s biggest EV scam. What went wrong, and how are investors and drivers affected?

In this eye-opening video, StudyIQ investigates the shocking allegations, financial mismanagement, and the larger implications on India’s EV ecosystem. With Bluesmart’s collapse, are Ola and Uber the only reliable ride-hailing options left for Indian commuters?

Essential for UPSC, SSC, and current affairs preparation — and anyone tracking India’s EV sector or startup space.

UPSC IAS Live GS P2I Foundation 2026 April Morning Hindi Batch
बैच 24 अप्रैल 2025 से शुरू हो रहा है | | बैच का समय सुबह 8:00 बजे
Hurry Enroll Now : https://studyiq.u9ilnk.me/d/em8MODUdnZ

UPSC IAS Live GS P2I Foundation 2026 April Morning English Batch
Batch Starting on 21st April 2025 | Daily Live Classes at 8:00 AM
Hurry Enroll Now : https://studyiq.u9ilnk.me/d/zWqYhPqDge

Features of UPSC P2I Batches
- 1000+ hours Live Classes
- Success in Prelims program
- Mains Residential Program
- Interview Guidance Program
- One to One Mentorship
- Answer Writing Program 
- Current Affairs Program
- Handwritten Notes
- Prelims and Mains Test series
and much more…..

UPSC IAS (Mains) LIVE Optional Batches : https://studyiq.u9ilnk.me/d/9ahtTDzlmA

For UPSC IAS Offline Classes Please Call : 9459-456-945

Super 100 GS Foundation 2025 P2I Offline Batch 7 - ORN
Offline Classes Starting on 30th Sept 2024, 6:00 PM
Hurry Enroll Now : https://studyiq.u9ilnk.me/d/SHEYxjT6Nh

State PSC Live Foundation Batches : https://studyiq.u9ilnk.me/d/BaZRePgV37

Gaurav Sir Current Affairs  https://bit.ly/3jwDRsv
Complete Static GK by Dr. Gaurav Garg https://bit.ly/3O0FaxE
Banking Awareness (Static) by Dr Gaurav Garg https://bit.ly/36dElAI
 
Vipan Sir Courses - Courses to help you gain an edge with MCQs preparation
10000 MCQs of GA by Vipan Sir https://bit.ly/367qqMi
GS - Dr. Vipan Goyal    https://bit.ly/3vbslbn

Buy our Best Selling UPSC CSE Books
From Online Stores: https://studyiq.u9ilnk.me/d/4EgxMOQTUN

Read all Information Rich Blogs & Articles here - https://www.studyiq.com/articles/

📌 Connect with [Our Social Media Platform] :
▀▀▀▀▀▀▀▀▀▀▀▀▀▀▀▀▀▀▀▀▀▀▀▀▀▀▀▀▀▀
Join our Telegram Group:- https://t.me/Studyiqeducation
Whatsapp Channel - https://bit.ly/3M1i8Ya
Facebook:  https://bit.ly/3PZTJDo
Instagram:  https://bit.ly/48RZNGO
Twitter: https://bit.ly/48On8t7

Download the App to Subscribe to the Course - https://bit.ly/StudyiqApp
For any doubt, Call 76-4000-3000 or Click here for Whatsapp Chat http://wa.me/917703861353

#bluesmart #gensol #studyiq #news #ola #uber #evcar #scam #stockmarket #sebi #latestnews #studyiqias #gsgillstudyiq",1498.0,False
ejwsTcxnV1w,"ELON SHOCKING NIGHTMARE: Toyota Released New $13,000 EV & Obliterated Tesla Model Y",2025-04-19T17:00:43Z,https://www.youtube.com/watch?v=ejwsTcxnV1w,102097.0,NEGATIVE,0.983,"ELON SHOCKING NIGHTMARE: Toyota Released New $13,000 EV & Obliterated Tesla Model Y

🔴Help Us Hit 100K Subscribers Before April Ends — Subscribe Here And Don’t Miss Anything👉 https://www.youtube.com/@GarageHeads

Join Our Free Newsletter For The Latest Auto News, Car Releases, And Expert DIY Tips To Save Big On Repairs And Maintenance!

🎁 Sign Up Now And Get A Free Ebook With Money-Saving Tips For Your Car Expenses! https://garageheads.systeme.io/landingpage
 
📧 For Business or Copyright matters please contact: Lucasfuturecars@gmail.com 
_________________________________________________________________
This wasn’t some gimmicky concept car. It boasted space, luxury, and enough cutting-edge technology to make buyers question why they ever considered anything else. And the name on the front? Not a scrappy startup or prestige badge. It was Toyota—a brand known for reliability, not for rewriting history in one bold strike.
The world reacted instantaneously. Media outlets and investors scrambled. Consumers flooded dealerships. And competitors? They were left with one burning question: How can we compete with this?
This is not just about selling more cars anymore; it is about shattering the illusion that electric vehicles are only for the rich or the tech elite. Affordability has become Toyota’s battering ram. 
This is where things get dangerous. Because this wasn’t just a cheap car. It was a Trojan horse—a perfect storm hiding inside a bargain. And what happens next could change the future of driving forever. Stay with us, because this is the beginning of something bigger than anyone expected.
_________________________________________________________________
🌐 We provide the latest updates and newest trend in the car industry
🛻The latest car reveals from the likes of toyota, ford, gm, jeep, dodge, ram and more
🔔 Subscribe Now With All Notifications On For More!
💙 Support Us Now and Stay Up To Date: https://www.youtube.com/@GarageHeads
_________________________________________________________________
❗ Copyright Disclaimers
➡️ We use images and content in accordance with the YouTube Fair Use copyright guidelines
➡️ Section 107 of the U.S. Copyright Act states: “Notwithstanding the provisions of sections 106 and 106A, the fair use of a copyrighted work, including such use by reproduction in copies or phonorecords or by any other means specified by that section, for purposes such as criticism, comment, news reporting, teaching (including multiple copies for classroom use), scholarship, or research, is not an infringement of copyright.” 
➡️This video could contain certain copyrighted video clips, pictures, or photographs that were not specifically authorized to be used by the copyright holder(s), but which we believe in good faith are protected by federal law and the fair use doctrine for one or more of the reasons noted above.
Disclaimer: Our content is based on facts, rumors, and fiction.

🔔 Subscribe Now With All Notifications On For More News and Updates From The Auto Industry   
🛻 Support Us Now and Stay Up To Date: https://www.youtube.com/@GarageHeads",1661.0,False
